Copyright 1986-2020 Xilinx, Inc. All Rights Reserved.
-----------------------------------------------------------------------------------------------------------------------------------------------------------------------------------------------------------
| Tool Version : Vivado v.2020.1 (win64) Build 2902540 Wed May 27 19:54:49 MDT 2020
| Date         : Wed Jun 18 19:15:22 2025
| Host         : Arif running 64-bit major release  (build 9200)
| Command      : report_timing_summary -max_paths 10 -file t02_Word_top_timing_summary_routed.rpt -pb t02_Word_top_timing_summary_routed.pb -rpx t02_Word_top_timing_summary_routed.rpx -warn_on_violation
| Design       : t02_Word_top
| Device       : 7a35t-cpg236
| Speed File   : -1  PRODUCTION 1.23 2018-06-13
-----------------------------------------------------------------------------------------------------------------------------------------------------------------------------------------------------------

Timing Summary Report

------------------------------------------------------------------------------------------------
| Timer Settings
| --------------
------------------------------------------------------------------------------------------------

  Enable Multi Corner Analysis               :  Yes
  Enable Pessimism Removal                   :  Yes
  Pessimism Removal Resolution               :  Nearest Common Node
  Enable Input Delay Default Clock           :  No
  Enable Preset / Clear Arcs                 :  No
  Disable Flight Delays                      :  No
  Ignore I/O Paths                           :  No
  Timing Early Launch at Borrowing Latches   :  No
  Borrow Time for Max Delay Exceptions       :  Yes
  Merge Timing Exceptions                    :  Yes

  Corner  Analyze    Analyze    
  Name    Max Paths  Min Paths  
  ------  ---------  ---------  
  Slow    Yes        Yes        
  Fast    Yes        Yes        



check_timing report

Table of Contents
-----------------
1. checking no_clock (398)
2. checking constant_clock (0)
3. checking pulse_width_clock (0)
4. checking unconstrained_internal_endpoints (696)
5. checking no_input_delay (23)
6. checking no_output_delay (2)
7. checking multiple_clock (0)
8. checking generated_clocks (0)
9. checking loops (0)
10. checking partial_input_delay (0)
11. checking partial_output_delay (0)
12. checking latch_loops (0)

1. checking no_clock (398)
--------------------------
 There are 32 register/latch pins with no clock driven by root clock pin: IM/f3_reg[0]/Q (HIGH)

 There are 32 register/latch pins with no clock driven by root clock pin: IM/f3_reg[1]/Q (HIGH)

 There are 32 register/latch pins with no clock driven by root clock pin: IM/f3_reg[2]/Q (HIGH)

 There are 32 register/latch pins with no clock driven by root clock pin: IM/f7_reg[6]/Q (HIGH)

 There are 45 register/latch pins with no clock driven by root clock pin: PC/current_pc_reg[3]/Q (HIGH)

 There are 45 register/latch pins with no clock driven by root clock pin: PC/current_pc_reg[4]/Q (HIGH)

 There is 1 register/latch pin with no clock driven by root clock pin: debounce_ofAll/input_circle_status_reg[17]/Q (HIGH)

 There is 1 register/latch pin with no clock driven by root clock pin: debounce_ofAll/input_circle_status_reg[18]/Q (HIGH)

 There are 128 register/latch pins with no clock driven by root clock pin: userinterface_ofAll/S_CLK_interf_reg/Q (HIGH)

 There are 50 register/latch pins with no clock driven by root clock pin: userinterface_ofAll/S_RST_interf_reg/Q (HIGH)


2. checking constant_clock (0)
------------------------------
 There are 0 register/latch pins with constant_clock.


3. checking pulse_width_clock (0)
---------------------------------
 There are 0 register/latch pins which need pulse_width check


4. checking unconstrained_internal_endpoints (696)
--------------------------------------------------
 There are 672 pins that are not constrained for maximum delay. (HIGH)

 There are 24 pins that are not constrained for maximum delay due to constant clock. (MEDIUM)


5. checking no_input_delay (23)
-------------------------------
 There are 23 input ports with no input delay specified. (HIGH)

 There are 0 input ports with no input delay but user has a false path constraint.


6. checking no_output_delay (2)
-------------------------------
 There are 2 ports with no output delay specified. (HIGH)

 There are 0 ports with no output delay but user has a false path constraint

 There are 0 ports with no output delay but with a timing clock defined on it or propagating through it


7. checking multiple_clock (0)
------------------------------
 There are 0 register/latch pins with multiple clocks.


8. checking generated_clocks (0)
--------------------------------
 There are 0 generated clocks that are not connected to a clock source.


9. checking loops (0)
---------------------
 There are 0 combinational loops in the design.


10. checking partial_input_delay (0)
------------------------------------
 There are 0 input ports with partial input delay specified.


11. checking partial_output_delay (0)
-------------------------------------
 There are 0 ports with partial output delay specified.


12. checking latch_loops (0)
----------------------------
 There are 0 combinational latch loops in the design through latch input



------------------------------------------------------------------------------------------------
| Design Timing Summary
| ---------------------
------------------------------------------------------------------------------------------------

    WNS(ns)      TNS(ns)  TNS Failing Endpoints  TNS Total Endpoints      WHS(ns)      THS(ns)  THS Failing Endpoints  THS Total Endpoints     WPWS(ns)     TPWS(ns)  TPWS Failing Endpoints  TPWS Total Endpoints  
    -------      -------  ---------------------  -------------------      -------      -------  ---------------------  -------------------     --------     --------  ----------------------  --------------------  
      0.190        0.000                      0                 1170        0.165        0.000                      0                 1170        4.500        0.000                       0                   543  


All user specified timing constraints are met.


------------------------------------------------------------------------------------------------
| Clock Summary
| -------------
------------------------------------------------------------------------------------------------

Clock    Waveform(ns)       Period(ns)      Frequency(MHz)
-----    ------------       ----------      --------------
CLK_top  {0.000 5.000}      10.000          100.000         


------------------------------------------------------------------------------------------------
| Intra Clock Table
| -----------------
------------------------------------------------------------------------------------------------

Clock             WNS(ns)      TNS(ns)  TNS Failing Endpoints  TNS Total Endpoints      WHS(ns)      THS(ns)  THS Failing Endpoints  THS Total Endpoints     WPWS(ns)     TPWS(ns)  TPWS Failing Endpoints  TPWS Total Endpoints  
-----             -------      -------  ---------------------  -------------------      -------      -------  ---------------------  -------------------     --------     --------  ----------------------  --------------------  
CLK_top             0.190        0.000                      0                 1045        0.165        0.000                      0                 1045        4.500        0.000                       0                   543  


------------------------------------------------------------------------------------------------
| Inter Clock Table
| -----------------
------------------------------------------------------------------------------------------------

From Clock    To Clock          WNS(ns)      TNS(ns)  TNS Failing Endpoints  TNS Total Endpoints      WHS(ns)      THS(ns)  THS Failing Endpoints  THS Total Endpoints  
----------    --------          -------      -------  ---------------------  -------------------      -------      -------  ---------------------  -------------------  


------------------------------------------------------------------------------------------------
| Other Path Groups Table
| -----------------------
------------------------------------------------------------------------------------------------

Path Group         From Clock         To Clock               WNS(ns)      TNS(ns)  TNS Failing Endpoints  TNS Total Endpoints      WHS(ns)      THS(ns)  THS Failing Endpoints  THS Total Endpoints  
----------         ----------         --------               -------      -------  ---------------------  -------------------      -------      -------  ---------------------  -------------------  
**async_default**  CLK_top            CLK_top                  5.799        0.000                      0                  125        0.741        0.000                      0                  125  


------------------------------------------------------------------------------------------------
| Timing Details
| --------------
------------------------------------------------------------------------------------------------


---------------------------------------------------------------------------------------------------
From Clock:  CLK_top
  To Clock:  CLK_top

Setup :            0  Failing Endpoints,  Worst Slack        0.190ns,  Total Violation        0.000ns
Hold  :            0  Failing Endpoints,  Worst Slack        0.165ns,  Total Violation        0.000ns
PW    :            0  Failing Endpoints,  Worst Slack        4.500ns,  Total Violation        0.000ns
---------------------------------------------------------------------------------------------------


Max Delay Paths
--------------------------------------------------------------------------------------
Slack (MET) :             0.190ns  (required time - arrival time)
  Source:                 debounce_ofAll/input_circle_status_reg[7]/C
                            (rising edge-triggered cell FDRE clocked by CLK_top  {rise@0.000ns fall@5.000ns period=10.000ns})
  Destination:            userinterface_ofAll/Si_pre_fourHEX_reg[26]/CE
                            (rising edge-triggered cell FDRE clocked by CLK_top  {rise@0.000ns fall@5.000ns period=10.000ns})
  Path Group:             CLK_top
  Path Type:              Setup (Max at Slow Process Corner)
  Requirement:            10.000ns  (CLK_top rise@10.000ns - CLK_top rise@0.000ns)
  Data Path Delay:        9.312ns  (logic 2.461ns (26.428%)  route 6.851ns (73.572%))
  Logic Levels:           10  (CARRY4=3 LUT1=1 LUT4=1 LUT6=5)
  Clock Path Skew:        -0.050ns (DCD - SCD + CPR)
    Destination Clock Delay (DCD):    4.774ns = ( 14.774 - 10.000 ) 
    Source Clock Delay      (SCD):    5.084ns
    Clock Pessimism Removal (CPR):    0.260ns
  Clock Uncertainty:      0.035ns  ((TSJ^2 + TIJ^2)^1/2 + DJ) / 2 + PE
    Total System Jitter     (TSJ):    0.071ns
    Total Input Jitter      (TIJ):    0.000ns
    Discrete Jitter          (DJ):    0.000ns
    Phase Error              (PE):    0.000ns

    Location             Delay type                Incr(ns)  Path(ns)    Netlist Resource(s)
  -------------------------------------------------------------------    -------------------
                         (clock CLK_top rise edge)    0.000     0.000 r  
    W5                                                0.000     0.000 r  CLK_top (IN)
                         net (fo=0)                   0.000     0.000    CLK_top
    W5                   IBUF (Prop_ibuf_I_O)         1.458     1.458 r  CLK_top_IBUF_inst/O
                         net (fo=1, routed)           1.967     3.425    CLK_top_IBUF
    BUFGCTRL_X0Y0        BUFG (Prop_bufg_I_O)         0.096     3.521 r  CLK_top_IBUF_BUFG_inst/O
                         net (fo=542, routed)         1.563     5.084    debounce_ofAll/CLK_top_IBUF_BUFG
    SLICE_X48Y15         FDRE                                         r  debounce_ofAll/input_circle_status_reg[7]/C
  -------------------------------------------------------------------    -------------------
    SLICE_X48Y15         FDRE (Prop_fdre_C_Q)         0.456     5.540 r  debounce_ofAll/input_circle_status_reg[7]/Q
                         net (fo=37, routed)          1.148     6.688    debounce_ofAll/input_circle_status_reg_n_2_[7]
    SLICE_X47Y16         LUT4 (Prop_lut4_I0_O)        0.152     6.840 f  debounce_ofAll/Si_pre_fourHEX[7]_i_10/O
                         net (fo=4, routed)           0.951     7.791    debounce_ofAll/Si_pre_fourHEX[7]_i_10_n_2
    SLICE_X49Y17         LUT6 (Prop_lut6_I0_O)        0.326     8.117 r  debounce_ofAll/Si_pre_fourHEX[31]_i_38/O
                         net (fo=1, routed)           0.622     8.740    debounce_ofAll/Si_pre_fourHEX[31]_i_38_n_2
    SLICE_X48Y17         LUT6 (Prop_lut6_I3_O)        0.124     8.864 f  debounce_ofAll/Si_pre_fourHEX[31]_i_14/O
                         net (fo=31, routed)          0.835     9.698    debounce_ofAll/Si_pre_fourHEX[31]_i_14_n_2
    SLICE_X42Y20         LUT6 (Prop_lut6_I5_O)        0.124     9.822 r  debounce_ofAll/Si_pre_fourHEX[7]_i_2/O
                         net (fo=1, routed)           1.221    11.044    debounce_ofAll/Si_pre_fourHEX[7]_i_2_n_2
    SLICE_X48Y18         LUT6 (Prop_lut6_I0_O)        0.124    11.168 r  debounce_ofAll/Si_pre_fourHEX[7]_i_1/O
                         net (fo=39, routed)          1.005    12.173    userinterface_ofAll/S_fourHEX[7]
    SLICE_X38Y20         LUT6 (Prop_lut6_I4_O)        0.124    12.297 r  userinterface_ofAll/Si_pre_fourHEX[31]_i_57/O
                         net (fo=1, routed)           0.000    12.297    userinterface_ofAll/Si_pre_fourHEX[31]_i_57_n_2
    SLICE_X38Y20         CARRY4 (Prop_carry4_S[2]_CO[3])
                                                      0.380    12.677 r  userinterface_ofAll/Si_pre_fourHEX_reg[31]_i_26/CO[3]
                         net (fo=1, routed)           0.000    12.677    userinterface_ofAll/Si_pre_fourHEX_reg[31]_i_26_n_2
    SLICE_X38Y21         CARRY4 (Prop_carry4_CI_CO[3])
                                                      0.117    12.794 r  userinterface_ofAll/Si_pre_fourHEX_reg[31]_i_9/CO[3]
                         net (fo=1, routed)           0.000    12.794    userinterface_ofAll/Si_pre_fourHEX_reg[31]_i_9_n_2
    SLICE_X38Y22         CARRY4 (Prop_carry4_CI_CO[2])
                                                      0.229    13.023 f  userinterface_ofAll/Si_pre_fourHEX_reg[31]_i_3/CO[2]
                         net (fo=3, routed)           0.448    13.471    userinterface_ofAll/CO[0]
    SLICE_X41Y21         LUT1 (Prop_lut1_I0_O)        0.305    13.776 r  userinterface_ofAll/Si_pre_fourHEX[31]_i_1/O
                         net (fo=32, routed)          0.620    14.396    userinterface_ofAll/Si_pre_fourHEX[31]_i_1_n_2
    SLICE_X43Y22         FDRE                                         r  userinterface_ofAll/Si_pre_fourHEX_reg[26]/CE
  -------------------------------------------------------------------    -------------------

                         (clock CLK_top rise edge)   10.000    10.000 r  
    W5                                                0.000    10.000 r  CLK_top (IN)
                         net (fo=0)                   0.000    10.000    CLK_top
    W5                   IBUF (Prop_ibuf_I_O)         1.388    11.388 r  CLK_top_IBUF_inst/O
                         net (fo=1, routed)           1.862    13.250    CLK_top_IBUF
    BUFGCTRL_X0Y0        BUFG (Prop_bufg_I_O)         0.091    13.341 r  CLK_top_IBUF_BUFG_inst/O
                         net (fo=542, routed)         1.433    14.774    userinterface_ofAll/CLK_top_IBUF_BUFG
    SLICE_X43Y22         FDRE                                         r  userinterface_ofAll/Si_pre_fourHEX_reg[26]/C
                         clock pessimism              0.260    15.034    
                         clock uncertainty           -0.035    14.999    
    SLICE_X43Y22         FDRE (Setup_fdre_C_CE)      -0.413    14.586    userinterface_ofAll/Si_pre_fourHEX_reg[26]
  -------------------------------------------------------------------
                         required time                         14.586    
                         arrival time                         -14.396    
  -------------------------------------------------------------------
                         slack                                  0.190    

Slack (MET) :             0.190ns  (required time - arrival time)
  Source:                 debounce_ofAll/input_circle_status_reg[7]/C
                            (rising edge-triggered cell FDRE clocked by CLK_top  {rise@0.000ns fall@5.000ns period=10.000ns})
  Destination:            userinterface_ofAll/Si_pre_fourHEX_reg[28]/CE
                            (rising edge-triggered cell FDRE clocked by CLK_top  {rise@0.000ns fall@5.000ns period=10.000ns})
  Path Group:             CLK_top
  Path Type:              Setup (Max at Slow Process Corner)
  Requirement:            10.000ns  (CLK_top rise@10.000ns - CLK_top rise@0.000ns)
  Data Path Delay:        9.312ns  (logic 2.461ns (26.428%)  route 6.851ns (73.572%))
  Logic Levels:           10  (CARRY4=3 LUT1=1 LUT4=1 LUT6=5)
  Clock Path Skew:        -0.050ns (DCD - SCD + CPR)
    Destination Clock Delay (DCD):    4.774ns = ( 14.774 - 10.000 ) 
    Source Clock Delay      (SCD):    5.084ns
    Clock Pessimism Removal (CPR):    0.260ns
  Clock Uncertainty:      0.035ns  ((TSJ^2 + TIJ^2)^1/2 + DJ) / 2 + PE
    Total System Jitter     (TSJ):    0.071ns
    Total Input Jitter      (TIJ):    0.000ns
    Discrete Jitter          (DJ):    0.000ns
    Phase Error              (PE):    0.000ns

    Location             Delay type                Incr(ns)  Path(ns)    Netlist Resource(s)
  -------------------------------------------------------------------    -------------------
                         (clock CLK_top rise edge)    0.000     0.000 r  
    W5                                                0.000     0.000 r  CLK_top (IN)
                         net (fo=0)                   0.000     0.000    CLK_top
    W5                   IBUF (Prop_ibuf_I_O)         1.458     1.458 r  CLK_top_IBUF_inst/O
                         net (fo=1, routed)           1.967     3.425    CLK_top_IBUF
    BUFGCTRL_X0Y0        BUFG (Prop_bufg_I_O)         0.096     3.521 r  CLK_top_IBUF_BUFG_inst/O
                         net (fo=542, routed)         1.563     5.084    debounce_ofAll/CLK_top_IBUF_BUFG
    SLICE_X48Y15         FDRE                                         r  debounce_ofAll/input_circle_status_reg[7]/C
  -------------------------------------------------------------------    -------------------
    SLICE_X48Y15         FDRE (Prop_fdre_C_Q)         0.456     5.540 r  debounce_ofAll/input_circle_status_reg[7]/Q
                         net (fo=37, routed)          1.148     6.688    debounce_ofAll/input_circle_status_reg_n_2_[7]
    SLICE_X47Y16         LUT4 (Prop_lut4_I0_O)        0.152     6.840 f  debounce_ofAll/Si_pre_fourHEX[7]_i_10/O
                         net (fo=4, routed)           0.951     7.791    debounce_ofAll/Si_pre_fourHEX[7]_i_10_n_2
    SLICE_X49Y17         LUT6 (Prop_lut6_I0_O)        0.326     8.117 r  debounce_ofAll/Si_pre_fourHEX[31]_i_38/O
                         net (fo=1, routed)           0.622     8.740    debounce_ofAll/Si_pre_fourHEX[31]_i_38_n_2
    SLICE_X48Y17         LUT6 (Prop_lut6_I3_O)        0.124     8.864 f  debounce_ofAll/Si_pre_fourHEX[31]_i_14/O
                         net (fo=31, routed)          0.835     9.698    debounce_ofAll/Si_pre_fourHEX[31]_i_14_n_2
    SLICE_X42Y20         LUT6 (Prop_lut6_I5_O)        0.124     9.822 r  debounce_ofAll/Si_pre_fourHEX[7]_i_2/O
                         net (fo=1, routed)           1.221    11.044    debounce_ofAll/Si_pre_fourHEX[7]_i_2_n_2
    SLICE_X48Y18         LUT6 (Prop_lut6_I0_O)        0.124    11.168 r  debounce_ofAll/Si_pre_fourHEX[7]_i_1/O
                         net (fo=39, routed)          1.005    12.173    userinterface_ofAll/S_fourHEX[7]
    SLICE_X38Y20         LUT6 (Prop_lut6_I4_O)        0.124    12.297 r  userinterface_ofAll/Si_pre_fourHEX[31]_i_57/O
                         net (fo=1, routed)           0.000    12.297    userinterface_ofAll/Si_pre_fourHEX[31]_i_57_n_2
    SLICE_X38Y20         CARRY4 (Prop_carry4_S[2]_CO[3])
                                                      0.380    12.677 r  userinterface_ofAll/Si_pre_fourHEX_reg[31]_i_26/CO[3]
                         net (fo=1, routed)           0.000    12.677    userinterface_ofAll/Si_pre_fourHEX_reg[31]_i_26_n_2
    SLICE_X38Y21         CARRY4 (Prop_carry4_CI_CO[3])
                                                      0.117    12.794 r  userinterface_ofAll/Si_pre_fourHEX_reg[31]_i_9/CO[3]
                         net (fo=1, routed)           0.000    12.794    userinterface_ofAll/Si_pre_fourHEX_reg[31]_i_9_n_2
    SLICE_X38Y22         CARRY4 (Prop_carry4_CI_CO[2])
                                                      0.229    13.023 f  userinterface_ofAll/Si_pre_fourHEX_reg[31]_i_3/CO[2]
                         net (fo=3, routed)           0.448    13.471    userinterface_ofAll/CO[0]
    SLICE_X41Y21         LUT1 (Prop_lut1_I0_O)        0.305    13.776 r  userinterface_ofAll/Si_pre_fourHEX[31]_i_1/O
                         net (fo=32, routed)          0.620    14.396    userinterface_ofAll/Si_pre_fourHEX[31]_i_1_n_2
    SLICE_X43Y22         FDRE                                         r  userinterface_ofAll/Si_pre_fourHEX_reg[28]/CE
  -------------------------------------------------------------------    -------------------

                         (clock CLK_top rise edge)   10.000    10.000 r  
    W5                                                0.000    10.000 r  CLK_top (IN)
                         net (fo=0)                   0.000    10.000    CLK_top
    W5                   IBUF (Prop_ibuf_I_O)         1.388    11.388 r  CLK_top_IBUF_inst/O
                         net (fo=1, routed)           1.862    13.250    CLK_top_IBUF
    BUFGCTRL_X0Y0        BUFG (Prop_bufg_I_O)         0.091    13.341 r  CLK_top_IBUF_BUFG_inst/O
                         net (fo=542, routed)         1.433    14.774    userinterface_ofAll/CLK_top_IBUF_BUFG
    SLICE_X43Y22         FDRE                                         r  userinterface_ofAll/Si_pre_fourHEX_reg[28]/C
                         clock pessimism              0.260    15.034    
                         clock uncertainty           -0.035    14.999    
    SLICE_X43Y22         FDRE (Setup_fdre_C_CE)      -0.413    14.586    userinterface_ofAll/Si_pre_fourHEX_reg[28]
  -------------------------------------------------------------------
                         required time                         14.586    
                         arrival time                         -14.396    
  -------------------------------------------------------------------
                         slack                                  0.190    

Slack (MET) :             0.190ns  (required time - arrival time)
  Source:                 debounce_ofAll/input_circle_status_reg[7]/C
                            (rising edge-triggered cell FDRE clocked by CLK_top  {rise@0.000ns fall@5.000ns period=10.000ns})
  Destination:            userinterface_ofAll/Si_pre_fourHEX_reg[2]/CE
                            (rising edge-triggered cell FDRE clocked by CLK_top  {rise@0.000ns fall@5.000ns period=10.000ns})
  Path Group:             CLK_top
  Path Type:              Setup (Max at Slow Process Corner)
  Requirement:            10.000ns  (CLK_top rise@10.000ns - CLK_top rise@0.000ns)
  Data Path Delay:        9.312ns  (logic 2.461ns (26.428%)  route 6.851ns (73.572%))
  Logic Levels:           10  (CARRY4=3 LUT1=1 LUT4=1 LUT6=5)
  Clock Path Skew:        -0.050ns (DCD - SCD + CPR)
    Destination Clock Delay (DCD):    4.774ns = ( 14.774 - 10.000 ) 
    Source Clock Delay      (SCD):    5.084ns
    Clock Pessimism Removal (CPR):    0.260ns
  Clock Uncertainty:      0.035ns  ((TSJ^2 + TIJ^2)^1/2 + DJ) / 2 + PE
    Total System Jitter     (TSJ):    0.071ns
    Total Input Jitter      (TIJ):    0.000ns
    Discrete Jitter          (DJ):    0.000ns
    Phase Error              (PE):    0.000ns

    Location             Delay type                Incr(ns)  Path(ns)    Netlist Resource(s)
  -------------------------------------------------------------------    -------------------
                         (clock CLK_top rise edge)    0.000     0.000 r  
    W5                                                0.000     0.000 r  CLK_top (IN)
                         net (fo=0)                   0.000     0.000    CLK_top
    W5                   IBUF (Prop_ibuf_I_O)         1.458     1.458 r  CLK_top_IBUF_inst/O
                         net (fo=1, routed)           1.967     3.425    CLK_top_IBUF
    BUFGCTRL_X0Y0        BUFG (Prop_bufg_I_O)         0.096     3.521 r  CLK_top_IBUF_BUFG_inst/O
                         net (fo=542, routed)         1.563     5.084    debounce_ofAll/CLK_top_IBUF_BUFG
    SLICE_X48Y15         FDRE                                         r  debounce_ofAll/input_circle_status_reg[7]/C
  -------------------------------------------------------------------    -------------------
    SLICE_X48Y15         FDRE (Prop_fdre_C_Q)         0.456     5.540 r  debounce_ofAll/input_circle_status_reg[7]/Q
                         net (fo=37, routed)          1.148     6.688    debounce_ofAll/input_circle_status_reg_n_2_[7]
    SLICE_X47Y16         LUT4 (Prop_lut4_I0_O)        0.152     6.840 f  debounce_ofAll/Si_pre_fourHEX[7]_i_10/O
                         net (fo=4, routed)           0.951     7.791    debounce_ofAll/Si_pre_fourHEX[7]_i_10_n_2
    SLICE_X49Y17         LUT6 (Prop_lut6_I0_O)        0.326     8.117 r  debounce_ofAll/Si_pre_fourHEX[31]_i_38/O
                         net (fo=1, routed)           0.622     8.740    debounce_ofAll/Si_pre_fourHEX[31]_i_38_n_2
    SLICE_X48Y17         LUT6 (Prop_lut6_I3_O)        0.124     8.864 f  debounce_ofAll/Si_pre_fourHEX[31]_i_14/O
                         net (fo=31, routed)          0.835     9.698    debounce_ofAll/Si_pre_fourHEX[31]_i_14_n_2
    SLICE_X42Y20         LUT6 (Prop_lut6_I5_O)        0.124     9.822 r  debounce_ofAll/Si_pre_fourHEX[7]_i_2/O
                         net (fo=1, routed)           1.221    11.044    debounce_ofAll/Si_pre_fourHEX[7]_i_2_n_2
    SLICE_X48Y18         LUT6 (Prop_lut6_I0_O)        0.124    11.168 r  debounce_ofAll/Si_pre_fourHEX[7]_i_1/O
                         net (fo=39, routed)          1.005    12.173    userinterface_ofAll/S_fourHEX[7]
    SLICE_X38Y20         LUT6 (Prop_lut6_I4_O)        0.124    12.297 r  userinterface_ofAll/Si_pre_fourHEX[31]_i_57/O
                         net (fo=1, routed)           0.000    12.297    userinterface_ofAll/Si_pre_fourHEX[31]_i_57_n_2
    SLICE_X38Y20         CARRY4 (Prop_carry4_S[2]_CO[3])
                                                      0.380    12.677 r  userinterface_ofAll/Si_pre_fourHEX_reg[31]_i_26/CO[3]
                         net (fo=1, routed)           0.000    12.677    userinterface_ofAll/Si_pre_fourHEX_reg[31]_i_26_n_2
    SLICE_X38Y21         CARRY4 (Prop_carry4_CI_CO[3])
                                                      0.117    12.794 r  userinterface_ofAll/Si_pre_fourHEX_reg[31]_i_9/CO[3]
                         net (fo=1, routed)           0.000    12.794    userinterface_ofAll/Si_pre_fourHEX_reg[31]_i_9_n_2
    SLICE_X38Y22         CARRY4 (Prop_carry4_CI_CO[2])
                                                      0.229    13.023 f  userinterface_ofAll/Si_pre_fourHEX_reg[31]_i_3/CO[2]
                         net (fo=3, routed)           0.448    13.471    userinterface_ofAll/CO[0]
    SLICE_X41Y21         LUT1 (Prop_lut1_I0_O)        0.305    13.776 r  userinterface_ofAll/Si_pre_fourHEX[31]_i_1/O
                         net (fo=32, routed)          0.620    14.396    userinterface_ofAll/Si_pre_fourHEX[31]_i_1_n_2
    SLICE_X43Y22         FDRE                                         r  userinterface_ofAll/Si_pre_fourHEX_reg[2]/CE
  -------------------------------------------------------------------    -------------------

                         (clock CLK_top rise edge)   10.000    10.000 r  
    W5                                                0.000    10.000 r  CLK_top (IN)
                         net (fo=0)                   0.000    10.000    CLK_top
    W5                   IBUF (Prop_ibuf_I_O)         1.388    11.388 r  CLK_top_IBUF_inst/O
                         net (fo=1, routed)           1.862    13.250    CLK_top_IBUF
    BUFGCTRL_X0Y0        BUFG (Prop_bufg_I_O)         0.091    13.341 r  CLK_top_IBUF_BUFG_inst/O
                         net (fo=542, routed)         1.433    14.774    userinterface_ofAll/CLK_top_IBUF_BUFG
    SLICE_X43Y22         FDRE                                         r  userinterface_ofAll/Si_pre_fourHEX_reg[2]/C
                         clock pessimism              0.260    15.034    
                         clock uncertainty           -0.035    14.999    
    SLICE_X43Y22         FDRE (Setup_fdre_C_CE)      -0.413    14.586    userinterface_ofAll/Si_pre_fourHEX_reg[2]
  -------------------------------------------------------------------
                         required time                         14.586    
                         arrival time                         -14.396    
  -------------------------------------------------------------------
                         slack                                  0.190    

Slack (MET) :             0.190ns  (required time - arrival time)
  Source:                 debounce_ofAll/input_circle_status_reg[7]/C
                            (rising edge-triggered cell FDRE clocked by CLK_top  {rise@0.000ns fall@5.000ns period=10.000ns})
  Destination:            userinterface_ofAll/Si_pre_fourHEX_reg[3]/CE
                            (rising edge-triggered cell FDRE clocked by CLK_top  {rise@0.000ns fall@5.000ns period=10.000ns})
  Path Group:             CLK_top
  Path Type:              Setup (Max at Slow Process Corner)
  Requirement:            10.000ns  (CLK_top rise@10.000ns - CLK_top rise@0.000ns)
  Data Path Delay:        9.312ns  (logic 2.461ns (26.428%)  route 6.851ns (73.572%))
  Logic Levels:           10  (CARRY4=3 LUT1=1 LUT4=1 LUT6=5)
  Clock Path Skew:        -0.050ns (DCD - SCD + CPR)
    Destination Clock Delay (DCD):    4.774ns = ( 14.774 - 10.000 ) 
    Source Clock Delay      (SCD):    5.084ns
    Clock Pessimism Removal (CPR):    0.260ns
  Clock Uncertainty:      0.035ns  ((TSJ^2 + TIJ^2)^1/2 + DJ) / 2 + PE
    Total System Jitter     (TSJ):    0.071ns
    Total Input Jitter      (TIJ):    0.000ns
    Discrete Jitter          (DJ):    0.000ns
    Phase Error              (PE):    0.000ns

    Location             Delay type                Incr(ns)  Path(ns)    Netlist Resource(s)
  -------------------------------------------------------------------    -------------------
                         (clock CLK_top rise edge)    0.000     0.000 r  
    W5                                                0.000     0.000 r  CLK_top (IN)
                         net (fo=0)                   0.000     0.000    CLK_top
    W5                   IBUF (Prop_ibuf_I_O)         1.458     1.458 r  CLK_top_IBUF_inst/O
                         net (fo=1, routed)           1.967     3.425    CLK_top_IBUF
    BUFGCTRL_X0Y0        BUFG (Prop_bufg_I_O)         0.096     3.521 r  CLK_top_IBUF_BUFG_inst/O
                         net (fo=542, routed)         1.563     5.084    debounce_ofAll/CLK_top_IBUF_BUFG
    SLICE_X48Y15         FDRE                                         r  debounce_ofAll/input_circle_status_reg[7]/C
  -------------------------------------------------------------------    -------------------
    SLICE_X48Y15         FDRE (Prop_fdre_C_Q)         0.456     5.540 r  debounce_ofAll/input_circle_status_reg[7]/Q
                         net (fo=37, routed)          1.148     6.688    debounce_ofAll/input_circle_status_reg_n_2_[7]
    SLICE_X47Y16         LUT4 (Prop_lut4_I0_O)        0.152     6.840 f  debounce_ofAll/Si_pre_fourHEX[7]_i_10/O
                         net (fo=4, routed)           0.951     7.791    debounce_ofAll/Si_pre_fourHEX[7]_i_10_n_2
    SLICE_X49Y17         LUT6 (Prop_lut6_I0_O)        0.326     8.117 r  debounce_ofAll/Si_pre_fourHEX[31]_i_38/O
                         net (fo=1, routed)           0.622     8.740    debounce_ofAll/Si_pre_fourHEX[31]_i_38_n_2
    SLICE_X48Y17         LUT6 (Prop_lut6_I3_O)        0.124     8.864 f  debounce_ofAll/Si_pre_fourHEX[31]_i_14/O
                         net (fo=31, routed)          0.835     9.698    debounce_ofAll/Si_pre_fourHEX[31]_i_14_n_2
    SLICE_X42Y20         LUT6 (Prop_lut6_I5_O)        0.124     9.822 r  debounce_ofAll/Si_pre_fourHEX[7]_i_2/O
                         net (fo=1, routed)           1.221    11.044    debounce_ofAll/Si_pre_fourHEX[7]_i_2_n_2
    SLICE_X48Y18         LUT6 (Prop_lut6_I0_O)        0.124    11.168 r  debounce_ofAll/Si_pre_fourHEX[7]_i_1/O
                         net (fo=39, routed)          1.005    12.173    userinterface_ofAll/S_fourHEX[7]
    SLICE_X38Y20         LUT6 (Prop_lut6_I4_O)        0.124    12.297 r  userinterface_ofAll/Si_pre_fourHEX[31]_i_57/O
                         net (fo=1, routed)           0.000    12.297    userinterface_ofAll/Si_pre_fourHEX[31]_i_57_n_2
    SLICE_X38Y20         CARRY4 (Prop_carry4_S[2]_CO[3])
                                                      0.380    12.677 r  userinterface_ofAll/Si_pre_fourHEX_reg[31]_i_26/CO[3]
                         net (fo=1, routed)           0.000    12.677    userinterface_ofAll/Si_pre_fourHEX_reg[31]_i_26_n_2
    SLICE_X38Y21         CARRY4 (Prop_carry4_CI_CO[3])
                                                      0.117    12.794 r  userinterface_ofAll/Si_pre_fourHEX_reg[31]_i_9/CO[3]
                         net (fo=1, routed)           0.000    12.794    userinterface_ofAll/Si_pre_fourHEX_reg[31]_i_9_n_2
    SLICE_X38Y22         CARRY4 (Prop_carry4_CI_CO[2])
                                                      0.229    13.023 f  userinterface_ofAll/Si_pre_fourHEX_reg[31]_i_3/CO[2]
                         net (fo=3, routed)           0.448    13.471    userinterface_ofAll/CO[0]
    SLICE_X41Y21         LUT1 (Prop_lut1_I0_O)        0.305    13.776 r  userinterface_ofAll/Si_pre_fourHEX[31]_i_1/O
                         net (fo=32, routed)          0.620    14.396    userinterface_ofAll/Si_pre_fourHEX[31]_i_1_n_2
    SLICE_X43Y22         FDRE                                         r  userinterface_ofAll/Si_pre_fourHEX_reg[3]/CE
  -------------------------------------------------------------------    -------------------

                         (clock CLK_top rise edge)   10.000    10.000 r  
    W5                                                0.000    10.000 r  CLK_top (IN)
                         net (fo=0)                   0.000    10.000    CLK_top
    W5                   IBUF (Prop_ibuf_I_O)         1.388    11.388 r  CLK_top_IBUF_inst/O
                         net (fo=1, routed)           1.862    13.250    CLK_top_IBUF
    BUFGCTRL_X0Y0        BUFG (Prop_bufg_I_O)         0.091    13.341 r  CLK_top_IBUF_BUFG_inst/O
                         net (fo=542, routed)         1.433    14.774    userinterface_ofAll/CLK_top_IBUF_BUFG
    SLICE_X43Y22         FDRE                                         r  userinterface_ofAll/Si_pre_fourHEX_reg[3]/C
                         clock pessimism              0.260    15.034    
                         clock uncertainty           -0.035    14.999    
    SLICE_X43Y22         FDRE (Setup_fdre_C_CE)      -0.413    14.586    userinterface_ofAll/Si_pre_fourHEX_reg[3]
  -------------------------------------------------------------------
                         required time                         14.586    
                         arrival time                         -14.396    
  -------------------------------------------------------------------
                         slack                                  0.190    

Slack (MET) :             0.190ns  (required time - arrival time)
  Source:                 debounce_ofAll/input_circle_status_reg[7]/C
                            (rising edge-triggered cell FDRE clocked by CLK_top  {rise@0.000ns fall@5.000ns period=10.000ns})
  Destination:            userinterface_ofAll/Si_pre_fourHEX_reg[4]/CE
                            (rising edge-triggered cell FDRE clocked by CLK_top  {rise@0.000ns fall@5.000ns period=10.000ns})
  Path Group:             CLK_top
  Path Type:              Setup (Max at Slow Process Corner)
  Requirement:            10.000ns  (CLK_top rise@10.000ns - CLK_top rise@0.000ns)
  Data Path Delay:        9.312ns  (logic 2.461ns (26.428%)  route 6.851ns (73.572%))
  Logic Levels:           10  (CARRY4=3 LUT1=1 LUT4=1 LUT6=5)
  Clock Path Skew:        -0.050ns (DCD - SCD + CPR)
    Destination Clock Delay (DCD):    4.774ns = ( 14.774 - 10.000 ) 
    Source Clock Delay      (SCD):    5.084ns
    Clock Pessimism Removal (CPR):    0.260ns
  Clock Uncertainty:      0.035ns  ((TSJ^2 + TIJ^2)^1/2 + DJ) / 2 + PE
    Total System Jitter     (TSJ):    0.071ns
    Total Input Jitter      (TIJ):    0.000ns
    Discrete Jitter          (DJ):    0.000ns
    Phase Error              (PE):    0.000ns

    Location             Delay type                Incr(ns)  Path(ns)    Netlist Resource(s)
  -------------------------------------------------------------------    -------------------
                         (clock CLK_top rise edge)    0.000     0.000 r  
    W5                                                0.000     0.000 r  CLK_top (IN)
                         net (fo=0)                   0.000     0.000    CLK_top
    W5                   IBUF (Prop_ibuf_I_O)         1.458     1.458 r  CLK_top_IBUF_inst/O
                         net (fo=1, routed)           1.967     3.425    CLK_top_IBUF
    BUFGCTRL_X0Y0        BUFG (Prop_bufg_I_O)         0.096     3.521 r  CLK_top_IBUF_BUFG_inst/O
                         net (fo=542, routed)         1.563     5.084    debounce_ofAll/CLK_top_IBUF_BUFG
    SLICE_X48Y15         FDRE                                         r  debounce_ofAll/input_circle_status_reg[7]/C
  -------------------------------------------------------------------    -------------------
    SLICE_X48Y15         FDRE (Prop_fdre_C_Q)         0.456     5.540 r  debounce_ofAll/input_circle_status_reg[7]/Q
                         net (fo=37, routed)          1.148     6.688    debounce_ofAll/input_circle_status_reg_n_2_[7]
    SLICE_X47Y16         LUT4 (Prop_lut4_I0_O)        0.152     6.840 f  debounce_ofAll/Si_pre_fourHEX[7]_i_10/O
                         net (fo=4, routed)           0.951     7.791    debounce_ofAll/Si_pre_fourHEX[7]_i_10_n_2
    SLICE_X49Y17         LUT6 (Prop_lut6_I0_O)        0.326     8.117 r  debounce_ofAll/Si_pre_fourHEX[31]_i_38/O
                         net (fo=1, routed)           0.622     8.740    debounce_ofAll/Si_pre_fourHEX[31]_i_38_n_2
    SLICE_X48Y17         LUT6 (Prop_lut6_I3_O)        0.124     8.864 f  debounce_ofAll/Si_pre_fourHEX[31]_i_14/O
                         net (fo=31, routed)          0.835     9.698    debounce_ofAll/Si_pre_fourHEX[31]_i_14_n_2
    SLICE_X42Y20         LUT6 (Prop_lut6_I5_O)        0.124     9.822 r  debounce_ofAll/Si_pre_fourHEX[7]_i_2/O
                         net (fo=1, routed)           1.221    11.044    debounce_ofAll/Si_pre_fourHEX[7]_i_2_n_2
    SLICE_X48Y18         LUT6 (Prop_lut6_I0_O)        0.124    11.168 r  debounce_ofAll/Si_pre_fourHEX[7]_i_1/O
                         net (fo=39, routed)          1.005    12.173    userinterface_ofAll/S_fourHEX[7]
    SLICE_X38Y20         LUT6 (Prop_lut6_I4_O)        0.124    12.297 r  userinterface_ofAll/Si_pre_fourHEX[31]_i_57/O
                         net (fo=1, routed)           0.000    12.297    userinterface_ofAll/Si_pre_fourHEX[31]_i_57_n_2
    SLICE_X38Y20         CARRY4 (Prop_carry4_S[2]_CO[3])
                                                      0.380    12.677 r  userinterface_ofAll/Si_pre_fourHEX_reg[31]_i_26/CO[3]
                         net (fo=1, routed)           0.000    12.677    userinterface_ofAll/Si_pre_fourHEX_reg[31]_i_26_n_2
    SLICE_X38Y21         CARRY4 (Prop_carry4_CI_CO[3])
                                                      0.117    12.794 r  userinterface_ofAll/Si_pre_fourHEX_reg[31]_i_9/CO[3]
                         net (fo=1, routed)           0.000    12.794    userinterface_ofAll/Si_pre_fourHEX_reg[31]_i_9_n_2
    SLICE_X38Y22         CARRY4 (Prop_carry4_CI_CO[2])
                                                      0.229    13.023 f  userinterface_ofAll/Si_pre_fourHEX_reg[31]_i_3/CO[2]
                         net (fo=3, routed)           0.448    13.471    userinterface_ofAll/CO[0]
    SLICE_X41Y21         LUT1 (Prop_lut1_I0_O)        0.305    13.776 r  userinterface_ofAll/Si_pre_fourHEX[31]_i_1/O
                         net (fo=32, routed)          0.620    14.396    userinterface_ofAll/Si_pre_fourHEX[31]_i_1_n_2
    SLICE_X43Y22         FDRE                                         r  userinterface_ofAll/Si_pre_fourHEX_reg[4]/CE
  -------------------------------------------------------------------    -------------------

                         (clock CLK_top rise edge)   10.000    10.000 r  
    W5                                                0.000    10.000 r  CLK_top (IN)
                         net (fo=0)                   0.000    10.000    CLK_top
    W5                   IBUF (Prop_ibuf_I_O)         1.388    11.388 r  CLK_top_IBUF_inst/O
                         net (fo=1, routed)           1.862    13.250    CLK_top_IBUF
    BUFGCTRL_X0Y0        BUFG (Prop_bufg_I_O)         0.091    13.341 r  CLK_top_IBUF_BUFG_inst/O
                         net (fo=542, routed)         1.433    14.774    userinterface_ofAll/CLK_top_IBUF_BUFG
    SLICE_X43Y22         FDRE                                         r  userinterface_ofAll/Si_pre_fourHEX_reg[4]/C
                         clock pessimism              0.260    15.034    
                         clock uncertainty           -0.035    14.999    
    SLICE_X43Y22         FDRE (Setup_fdre_C_CE)      -0.413    14.586    userinterface_ofAll/Si_pre_fourHEX_reg[4]
  -------------------------------------------------------------------
                         required time                         14.586    
                         arrival time                         -14.396    
  -------------------------------------------------------------------
                         slack                                  0.190    

Slack (MET) :             0.190ns  (required time - arrival time)
  Source:                 debounce_ofAll/input_circle_status_reg[7]/C
                            (rising edge-triggered cell FDRE clocked by CLK_top  {rise@0.000ns fall@5.000ns period=10.000ns})
  Destination:            userinterface_ofAll/Si_pre_fourHEX_reg[5]/CE
                            (rising edge-triggered cell FDRE clocked by CLK_top  {rise@0.000ns fall@5.000ns period=10.000ns})
  Path Group:             CLK_top
  Path Type:              Setup (Max at Slow Process Corner)
  Requirement:            10.000ns  (CLK_top rise@10.000ns - CLK_top rise@0.000ns)
  Data Path Delay:        9.312ns  (logic 2.461ns (26.428%)  route 6.851ns (73.572%))
  Logic Levels:           10  (CARRY4=3 LUT1=1 LUT4=1 LUT6=5)
  Clock Path Skew:        -0.050ns (DCD - SCD + CPR)
    Destination Clock Delay (DCD):    4.774ns = ( 14.774 - 10.000 ) 
    Source Clock Delay      (SCD):    5.084ns
    Clock Pessimism Removal (CPR):    0.260ns
  Clock Uncertainty:      0.035ns  ((TSJ^2 + TIJ^2)^1/2 + DJ) / 2 + PE
    Total System Jitter     (TSJ):    0.071ns
    Total Input Jitter      (TIJ):    0.000ns
    Discrete Jitter          (DJ):    0.000ns
    Phase Error              (PE):    0.000ns

    Location             Delay type                Incr(ns)  Path(ns)    Netlist Resource(s)
  -------------------------------------------------------------------    -------------------
                         (clock CLK_top rise edge)    0.000     0.000 r  
    W5                                                0.000     0.000 r  CLK_top (IN)
                         net (fo=0)                   0.000     0.000    CLK_top
    W5                   IBUF (Prop_ibuf_I_O)         1.458     1.458 r  CLK_top_IBUF_inst/O
                         net (fo=1, routed)           1.967     3.425    CLK_top_IBUF
    BUFGCTRL_X0Y0        BUFG (Prop_bufg_I_O)         0.096     3.521 r  CLK_top_IBUF_BUFG_inst/O
                         net (fo=542, routed)         1.563     5.084    debounce_ofAll/CLK_top_IBUF_BUFG
    SLICE_X48Y15         FDRE                                         r  debounce_ofAll/input_circle_status_reg[7]/C
  -------------------------------------------------------------------    -------------------
    SLICE_X48Y15         FDRE (Prop_fdre_C_Q)         0.456     5.540 r  debounce_ofAll/input_circle_status_reg[7]/Q
                         net (fo=37, routed)          1.148     6.688    debounce_ofAll/input_circle_status_reg_n_2_[7]
    SLICE_X47Y16         LUT4 (Prop_lut4_I0_O)        0.152     6.840 f  debounce_ofAll/Si_pre_fourHEX[7]_i_10/O
                         net (fo=4, routed)           0.951     7.791    debounce_ofAll/Si_pre_fourHEX[7]_i_10_n_2
    SLICE_X49Y17         LUT6 (Prop_lut6_I0_O)        0.326     8.117 r  debounce_ofAll/Si_pre_fourHEX[31]_i_38/O
                         net (fo=1, routed)           0.622     8.740    debounce_ofAll/Si_pre_fourHEX[31]_i_38_n_2
    SLICE_X48Y17         LUT6 (Prop_lut6_I3_O)        0.124     8.864 f  debounce_ofAll/Si_pre_fourHEX[31]_i_14/O
                         net (fo=31, routed)          0.835     9.698    debounce_ofAll/Si_pre_fourHEX[31]_i_14_n_2
    SLICE_X42Y20         LUT6 (Prop_lut6_I5_O)        0.124     9.822 r  debounce_ofAll/Si_pre_fourHEX[7]_i_2/O
                         net (fo=1, routed)           1.221    11.044    debounce_ofAll/Si_pre_fourHEX[7]_i_2_n_2
    SLICE_X48Y18         LUT6 (Prop_lut6_I0_O)        0.124    11.168 r  debounce_ofAll/Si_pre_fourHEX[7]_i_1/O
                         net (fo=39, routed)          1.005    12.173    userinterface_ofAll/S_fourHEX[7]
    SLICE_X38Y20         LUT6 (Prop_lut6_I4_O)        0.124    12.297 r  userinterface_ofAll/Si_pre_fourHEX[31]_i_57/O
                         net (fo=1, routed)           0.000    12.297    userinterface_ofAll/Si_pre_fourHEX[31]_i_57_n_2
    SLICE_X38Y20         CARRY4 (Prop_carry4_S[2]_CO[3])
                                                      0.380    12.677 r  userinterface_ofAll/Si_pre_fourHEX_reg[31]_i_26/CO[3]
                         net (fo=1, routed)           0.000    12.677    userinterface_ofAll/Si_pre_fourHEX_reg[31]_i_26_n_2
    SLICE_X38Y21         CARRY4 (Prop_carry4_CI_CO[3])
                                                      0.117    12.794 r  userinterface_ofAll/Si_pre_fourHEX_reg[31]_i_9/CO[3]
                         net (fo=1, routed)           0.000    12.794    userinterface_ofAll/Si_pre_fourHEX_reg[31]_i_9_n_2
    SLICE_X38Y22         CARRY4 (Prop_carry4_CI_CO[2])
                                                      0.229    13.023 f  userinterface_ofAll/Si_pre_fourHEX_reg[31]_i_3/CO[2]
                         net (fo=3, routed)           0.448    13.471    userinterface_ofAll/CO[0]
    SLICE_X41Y21         LUT1 (Prop_lut1_I0_O)        0.305    13.776 r  userinterface_ofAll/Si_pre_fourHEX[31]_i_1/O
                         net (fo=32, routed)          0.620    14.396    userinterface_ofAll/Si_pre_fourHEX[31]_i_1_n_2
    SLICE_X43Y22         FDRE                                         r  userinterface_ofAll/Si_pre_fourHEX_reg[5]/CE
  -------------------------------------------------------------------    -------------------

                         (clock CLK_top rise edge)   10.000    10.000 r  
    W5                                                0.000    10.000 r  CLK_top (IN)
                         net (fo=0)                   0.000    10.000    CLK_top
    W5                   IBUF (Prop_ibuf_I_O)         1.388    11.388 r  CLK_top_IBUF_inst/O
                         net (fo=1, routed)           1.862    13.250    CLK_top_IBUF
    BUFGCTRL_X0Y0        BUFG (Prop_bufg_I_O)         0.091    13.341 r  CLK_top_IBUF_BUFG_inst/O
                         net (fo=542, routed)         1.433    14.774    userinterface_ofAll/CLK_top_IBUF_BUFG
    SLICE_X43Y22         FDRE                                         r  userinterface_ofAll/Si_pre_fourHEX_reg[5]/C
                         clock pessimism              0.260    15.034    
                         clock uncertainty           -0.035    14.999    
    SLICE_X43Y22         FDRE (Setup_fdre_C_CE)      -0.413    14.586    userinterface_ofAll/Si_pre_fourHEX_reg[5]
  -------------------------------------------------------------------
                         required time                         14.586    
                         arrival time                         -14.396    
  -------------------------------------------------------------------
                         slack                                  0.190    

Slack (MET) :             0.190ns  (required time - arrival time)
  Source:                 debounce_ofAll/input_circle_status_reg[7]/C
                            (rising edge-triggered cell FDRE clocked by CLK_top  {rise@0.000ns fall@5.000ns period=10.000ns})
  Destination:            userinterface_ofAll/Si_pre_fourHEX_reg[7]/CE
                            (rising edge-triggered cell FDRE clocked by CLK_top  {rise@0.000ns fall@5.000ns period=10.000ns})
  Path Group:             CLK_top
  Path Type:              Setup (Max at Slow Process Corner)
  Requirement:            10.000ns  (CLK_top rise@10.000ns - CLK_top rise@0.000ns)
  Data Path Delay:        9.312ns  (logic 2.461ns (26.428%)  route 6.851ns (73.572%))
  Logic Levels:           10  (CARRY4=3 LUT1=1 LUT4=1 LUT6=5)
  Clock Path Skew:        -0.050ns (DCD - SCD + CPR)
    Destination Clock Delay (DCD):    4.774ns = ( 14.774 - 10.000 ) 
    Source Clock Delay      (SCD):    5.084ns
    Clock Pessimism Removal (CPR):    0.260ns
  Clock Uncertainty:      0.035ns  ((TSJ^2 + TIJ^2)^1/2 + DJ) / 2 + PE
    Total System Jitter     (TSJ):    0.071ns
    Total Input Jitter      (TIJ):    0.000ns
    Discrete Jitter          (DJ):    0.000ns
    Phase Error              (PE):    0.000ns

    Location             Delay type                Incr(ns)  Path(ns)    Netlist Resource(s)
  -------------------------------------------------------------------    -------------------
                         (clock CLK_top rise edge)    0.000     0.000 r  
    W5                                                0.000     0.000 r  CLK_top (IN)
                         net (fo=0)                   0.000     0.000    CLK_top
    W5                   IBUF (Prop_ibuf_I_O)         1.458     1.458 r  CLK_top_IBUF_inst/O
                         net (fo=1, routed)           1.967     3.425    CLK_top_IBUF
    BUFGCTRL_X0Y0        BUFG (Prop_bufg_I_O)         0.096     3.521 r  CLK_top_IBUF_BUFG_inst/O
                         net (fo=542, routed)         1.563     5.084    debounce_ofAll/CLK_top_IBUF_BUFG
    SLICE_X48Y15         FDRE                                         r  debounce_ofAll/input_circle_status_reg[7]/C
  -------------------------------------------------------------------    -------------------
    SLICE_X48Y15         FDRE (Prop_fdre_C_Q)         0.456     5.540 r  debounce_ofAll/input_circle_status_reg[7]/Q
                         net (fo=37, routed)          1.148     6.688    debounce_ofAll/input_circle_status_reg_n_2_[7]
    SLICE_X47Y16         LUT4 (Prop_lut4_I0_O)        0.152     6.840 f  debounce_ofAll/Si_pre_fourHEX[7]_i_10/O
                         net (fo=4, routed)           0.951     7.791    debounce_ofAll/Si_pre_fourHEX[7]_i_10_n_2
    SLICE_X49Y17         LUT6 (Prop_lut6_I0_O)        0.326     8.117 r  debounce_ofAll/Si_pre_fourHEX[31]_i_38/O
                         net (fo=1, routed)           0.622     8.740    debounce_ofAll/Si_pre_fourHEX[31]_i_38_n_2
    SLICE_X48Y17         LUT6 (Prop_lut6_I3_O)        0.124     8.864 f  debounce_ofAll/Si_pre_fourHEX[31]_i_14/O
                         net (fo=31, routed)          0.835     9.698    debounce_ofAll/Si_pre_fourHEX[31]_i_14_n_2
    SLICE_X42Y20         LUT6 (Prop_lut6_I5_O)        0.124     9.822 r  debounce_ofAll/Si_pre_fourHEX[7]_i_2/O
                         net (fo=1, routed)           1.221    11.044    debounce_ofAll/Si_pre_fourHEX[7]_i_2_n_2
    SLICE_X48Y18         LUT6 (Prop_lut6_I0_O)        0.124    11.168 r  debounce_ofAll/Si_pre_fourHEX[7]_i_1/O
                         net (fo=39, routed)          1.005    12.173    userinterface_ofAll/S_fourHEX[7]
    SLICE_X38Y20         LUT6 (Prop_lut6_I4_O)        0.124    12.297 r  userinterface_ofAll/Si_pre_fourHEX[31]_i_57/O
                         net (fo=1, routed)           0.000    12.297    userinterface_ofAll/Si_pre_fourHEX[31]_i_57_n_2
    SLICE_X38Y20         CARRY4 (Prop_carry4_S[2]_CO[3])
                                                      0.380    12.677 r  userinterface_ofAll/Si_pre_fourHEX_reg[31]_i_26/CO[3]
                         net (fo=1, routed)           0.000    12.677    userinterface_ofAll/Si_pre_fourHEX_reg[31]_i_26_n_2
    SLICE_X38Y21         CARRY4 (Prop_carry4_CI_CO[3])
                                                      0.117    12.794 r  userinterface_ofAll/Si_pre_fourHEX_reg[31]_i_9/CO[3]
                         net (fo=1, routed)           0.000    12.794    userinterface_ofAll/Si_pre_fourHEX_reg[31]_i_9_n_2
    SLICE_X38Y22         CARRY4 (Prop_carry4_CI_CO[2])
                                                      0.229    13.023 f  userinterface_ofAll/Si_pre_fourHEX_reg[31]_i_3/CO[2]
                         net (fo=3, routed)           0.448    13.471    userinterface_ofAll/CO[0]
    SLICE_X41Y21         LUT1 (Prop_lut1_I0_O)        0.305    13.776 r  userinterface_ofAll/Si_pre_fourHEX[31]_i_1/O
                         net (fo=32, routed)          0.620    14.396    userinterface_ofAll/Si_pre_fourHEX[31]_i_1_n_2
    SLICE_X43Y22         FDRE                                         r  userinterface_ofAll/Si_pre_fourHEX_reg[7]/CE
  -------------------------------------------------------------------    -------------------

                         (clock CLK_top rise edge)   10.000    10.000 r  
    W5                                                0.000    10.000 r  CLK_top (IN)
                         net (fo=0)                   0.000    10.000    CLK_top
    W5                   IBUF (Prop_ibuf_I_O)         1.388    11.388 r  CLK_top_IBUF_inst/O
                         net (fo=1, routed)           1.862    13.250    CLK_top_IBUF
    BUFGCTRL_X0Y0        BUFG (Prop_bufg_I_O)         0.091    13.341 r  CLK_top_IBUF_BUFG_inst/O
                         net (fo=542, routed)         1.433    14.774    userinterface_ofAll/CLK_top_IBUF_BUFG
    SLICE_X43Y22         FDRE                                         r  userinterface_ofAll/Si_pre_fourHEX_reg[7]/C
                         clock pessimism              0.260    15.034    
                         clock uncertainty           -0.035    14.999    
    SLICE_X43Y22         FDRE (Setup_fdre_C_CE)      -0.413    14.586    userinterface_ofAll/Si_pre_fourHEX_reg[7]
  -------------------------------------------------------------------
                         required time                         14.586    
                         arrival time                         -14.396    
  -------------------------------------------------------------------
                         slack                                  0.190    

Slack (MET) :             0.238ns  (required time - arrival time)
  Source:                 debounce_ofAll/input_circle_status_reg[7]/C
                            (rising edge-triggered cell FDRE clocked by CLK_top  {rise@0.000ns fall@5.000ns period=10.000ns})
  Destination:            userinterface_ofAll/Si_pre_fourHEX_reg[31]/CE
                            (rising edge-triggered cell FDRE clocked by CLK_top  {rise@0.000ns fall@5.000ns period=10.000ns})
  Path Group:             CLK_top
  Path Type:              Setup (Max at Slow Process Corner)
  Requirement:            10.000ns  (CLK_top rise@10.000ns - CLK_top rise@0.000ns)
  Data Path Delay:        9.263ns  (logic 2.461ns (26.568%)  route 6.802ns (73.432%))
  Logic Levels:           10  (CARRY4=3 LUT1=1 LUT4=1 LUT6=5)
  Clock Path Skew:        -0.051ns (DCD - SCD + CPR)
    Destination Clock Delay (DCD):    4.773ns = ( 14.773 - 10.000 ) 
    Source Clock Delay      (SCD):    5.084ns
    Clock Pessimism Removal (CPR):    0.260ns
  Clock Uncertainty:      0.035ns  ((TSJ^2 + TIJ^2)^1/2 + DJ) / 2 + PE
    Total System Jitter     (TSJ):    0.071ns
    Total Input Jitter      (TIJ):    0.000ns
    Discrete Jitter          (DJ):    0.000ns
    Phase Error              (PE):    0.000ns

    Location             Delay type                Incr(ns)  Path(ns)    Netlist Resource(s)
  -------------------------------------------------------------------    -------------------
                         (clock CLK_top rise edge)    0.000     0.000 r  
    W5                                                0.000     0.000 r  CLK_top (IN)
                         net (fo=0)                   0.000     0.000    CLK_top
    W5                   IBUF (Prop_ibuf_I_O)         1.458     1.458 r  CLK_top_IBUF_inst/O
                         net (fo=1, routed)           1.967     3.425    CLK_top_IBUF
    BUFGCTRL_X0Y0        BUFG (Prop_bufg_I_O)         0.096     3.521 r  CLK_top_IBUF_BUFG_inst/O
                         net (fo=542, routed)         1.563     5.084    debounce_ofAll/CLK_top_IBUF_BUFG
    SLICE_X48Y15         FDRE                                         r  debounce_ofAll/input_circle_status_reg[7]/C
  -------------------------------------------------------------------    -------------------
    SLICE_X48Y15         FDRE (Prop_fdre_C_Q)         0.456     5.540 r  debounce_ofAll/input_circle_status_reg[7]/Q
                         net (fo=37, routed)          1.148     6.688    debounce_ofAll/input_circle_status_reg_n_2_[7]
    SLICE_X47Y16         LUT4 (Prop_lut4_I0_O)        0.152     6.840 f  debounce_ofAll/Si_pre_fourHEX[7]_i_10/O
                         net (fo=4, routed)           0.951     7.791    debounce_ofAll/Si_pre_fourHEX[7]_i_10_n_2
    SLICE_X49Y17         LUT6 (Prop_lut6_I0_O)        0.326     8.117 r  debounce_ofAll/Si_pre_fourHEX[31]_i_38/O
                         net (fo=1, routed)           0.622     8.740    debounce_ofAll/Si_pre_fourHEX[31]_i_38_n_2
    SLICE_X48Y17         LUT6 (Prop_lut6_I3_O)        0.124     8.864 f  debounce_ofAll/Si_pre_fourHEX[31]_i_14/O
                         net (fo=31, routed)          0.835     9.698    debounce_ofAll/Si_pre_fourHEX[31]_i_14_n_2
    SLICE_X42Y20         LUT6 (Prop_lut6_I5_O)        0.124     9.822 r  debounce_ofAll/Si_pre_fourHEX[7]_i_2/O
                         net (fo=1, routed)           1.221    11.044    debounce_ofAll/Si_pre_fourHEX[7]_i_2_n_2
    SLICE_X48Y18         LUT6 (Prop_lut6_I0_O)        0.124    11.168 r  debounce_ofAll/Si_pre_fourHEX[7]_i_1/O
                         net (fo=39, routed)          1.005    12.173    userinterface_ofAll/S_fourHEX[7]
    SLICE_X38Y20         LUT6 (Prop_lut6_I4_O)        0.124    12.297 r  userinterface_ofAll/Si_pre_fourHEX[31]_i_57/O
                         net (fo=1, routed)           0.000    12.297    userinterface_ofAll/Si_pre_fourHEX[31]_i_57_n_2
    SLICE_X38Y20         CARRY4 (Prop_carry4_S[2]_CO[3])
                                                      0.380    12.677 r  userinterface_ofAll/Si_pre_fourHEX_reg[31]_i_26/CO[3]
                         net (fo=1, routed)           0.000    12.677    userinterface_ofAll/Si_pre_fourHEX_reg[31]_i_26_n_2
    SLICE_X38Y21         CARRY4 (Prop_carry4_CI_CO[3])
                                                      0.117    12.794 r  userinterface_ofAll/Si_pre_fourHEX_reg[31]_i_9/CO[3]
                         net (fo=1, routed)           0.000    12.794    userinterface_ofAll/Si_pre_fourHEX_reg[31]_i_9_n_2
    SLICE_X38Y22         CARRY4 (Prop_carry4_CI_CO[2])
                                                      0.229    13.023 f  userinterface_ofAll/Si_pre_fourHEX_reg[31]_i_3/CO[2]
                         net (fo=3, routed)           0.448    13.471    userinterface_ofAll/CO[0]
    SLICE_X41Y21         LUT1 (Prop_lut1_I0_O)        0.305    13.776 r  userinterface_ofAll/Si_pre_fourHEX[31]_i_1/O
                         net (fo=32, routed)          0.571    14.347    userinterface_ofAll/Si_pre_fourHEX[31]_i_1_n_2
    SLICE_X40Y23         FDRE                                         r  userinterface_ofAll/Si_pre_fourHEX_reg[31]/CE
  -------------------------------------------------------------------    -------------------

                         (clock CLK_top rise edge)   10.000    10.000 r  
    W5                                                0.000    10.000 r  CLK_top (IN)
                         net (fo=0)                   0.000    10.000    CLK_top
    W5                   IBUF (Prop_ibuf_I_O)         1.388    11.388 r  CLK_top_IBUF_inst/O
                         net (fo=1, routed)           1.862    13.250    CLK_top_IBUF
    BUFGCTRL_X0Y0        BUFG (Prop_bufg_I_O)         0.091    13.341 r  CLK_top_IBUF_BUFG_inst/O
                         net (fo=542, routed)         1.432    14.773    userinterface_ofAll/CLK_top_IBUF_BUFG
    SLICE_X40Y23         FDRE                                         r  userinterface_ofAll/Si_pre_fourHEX_reg[31]/C
                         clock pessimism              0.260    15.033    
                         clock uncertainty           -0.035    14.998    
    SLICE_X40Y23         FDRE (Setup_fdre_C_CE)      -0.413    14.585    userinterface_ofAll/Si_pre_fourHEX_reg[31]
  -------------------------------------------------------------------
                         required time                         14.585    
                         arrival time                         -14.347    
  -------------------------------------------------------------------
                         slack                                  0.238    

Slack (MET) :             0.247ns  (required time - arrival time)
  Source:                 debounce_ofAll/input_circle_status_reg[7]/C
                            (rising edge-triggered cell FDRE clocked by CLK_top  {rise@0.000ns fall@5.000ns period=10.000ns})
  Destination:            userinterface_ofAll/Si_pre_fourHEX_reg[8]/CE
                            (rising edge-triggered cell FDSE clocked by CLK_top  {rise@0.000ns fall@5.000ns period=10.000ns})
  Path Group:             CLK_top
  Path Type:              Setup (Max at Slow Process Corner)
  Requirement:            10.000ns  (CLK_top rise@10.000ns - CLK_top rise@0.000ns)
  Data Path Delay:        9.257ns  (logic 2.461ns (26.585%)  route 6.796ns (73.415%))
  Logic Levels:           10  (CARRY4=3 LUT1=1 LUT4=1 LUT6=5)
  Clock Path Skew:        -0.047ns (DCD - SCD + CPR)
    Destination Clock Delay (DCD):    4.777ns = ( 14.777 - 10.000 ) 
    Source Clock Delay      (SCD):    5.084ns
    Clock Pessimism Removal (CPR):    0.260ns
  Clock Uncertainty:      0.035ns  ((TSJ^2 + TIJ^2)^1/2 + DJ) / 2 + PE
    Total System Jitter     (TSJ):    0.071ns
    Total Input Jitter      (TIJ):    0.000ns
    Discrete Jitter          (DJ):    0.000ns
    Phase Error              (PE):    0.000ns

    Location             Delay type                Incr(ns)  Path(ns)    Netlist Resource(s)
  -------------------------------------------------------------------    -------------------
                         (clock CLK_top rise edge)    0.000     0.000 r  
    W5                                                0.000     0.000 r  CLK_top (IN)
                         net (fo=0)                   0.000     0.000    CLK_top
    W5                   IBUF (Prop_ibuf_I_O)         1.458     1.458 r  CLK_top_IBUF_inst/O
                         net (fo=1, routed)           1.967     3.425    CLK_top_IBUF
    BUFGCTRL_X0Y0        BUFG (Prop_bufg_I_O)         0.096     3.521 r  CLK_top_IBUF_BUFG_inst/O
                         net (fo=542, routed)         1.563     5.084    debounce_ofAll/CLK_top_IBUF_BUFG
    SLICE_X48Y15         FDRE                                         r  debounce_ofAll/input_circle_status_reg[7]/C
  -------------------------------------------------------------------    -------------------
    SLICE_X48Y15         FDRE (Prop_fdre_C_Q)         0.456     5.540 r  debounce_ofAll/input_circle_status_reg[7]/Q
                         net (fo=37, routed)          1.148     6.688    debounce_ofAll/input_circle_status_reg_n_2_[7]
    SLICE_X47Y16         LUT4 (Prop_lut4_I0_O)        0.152     6.840 f  debounce_ofAll/Si_pre_fourHEX[7]_i_10/O
                         net (fo=4, routed)           0.951     7.791    debounce_ofAll/Si_pre_fourHEX[7]_i_10_n_2
    SLICE_X49Y17         LUT6 (Prop_lut6_I0_O)        0.326     8.117 r  debounce_ofAll/Si_pre_fourHEX[31]_i_38/O
                         net (fo=1, routed)           0.622     8.740    debounce_ofAll/Si_pre_fourHEX[31]_i_38_n_2
    SLICE_X48Y17         LUT6 (Prop_lut6_I3_O)        0.124     8.864 f  debounce_ofAll/Si_pre_fourHEX[31]_i_14/O
                         net (fo=31, routed)          0.835     9.698    debounce_ofAll/Si_pre_fourHEX[31]_i_14_n_2
    SLICE_X42Y20         LUT6 (Prop_lut6_I5_O)        0.124     9.822 r  debounce_ofAll/Si_pre_fourHEX[7]_i_2/O
                         net (fo=1, routed)           1.221    11.044    debounce_ofAll/Si_pre_fourHEX[7]_i_2_n_2
    SLICE_X48Y18         LUT6 (Prop_lut6_I0_O)        0.124    11.168 r  debounce_ofAll/Si_pre_fourHEX[7]_i_1/O
                         net (fo=39, routed)          1.005    12.173    userinterface_ofAll/S_fourHEX[7]
    SLICE_X38Y20         LUT6 (Prop_lut6_I4_O)        0.124    12.297 r  userinterface_ofAll/Si_pre_fourHEX[31]_i_57/O
                         net (fo=1, routed)           0.000    12.297    userinterface_ofAll/Si_pre_fourHEX[31]_i_57_n_2
    SLICE_X38Y20         CARRY4 (Prop_carry4_S[2]_CO[3])
                                                      0.380    12.677 r  userinterface_ofAll/Si_pre_fourHEX_reg[31]_i_26/CO[3]
                         net (fo=1, routed)           0.000    12.677    userinterface_ofAll/Si_pre_fourHEX_reg[31]_i_26_n_2
    SLICE_X38Y21         CARRY4 (Prop_carry4_CI_CO[3])
                                                      0.117    12.794 r  userinterface_ofAll/Si_pre_fourHEX_reg[31]_i_9/CO[3]
                         net (fo=1, routed)           0.000    12.794    userinterface_ofAll/Si_pre_fourHEX_reg[31]_i_9_n_2
    SLICE_X38Y22         CARRY4 (Prop_carry4_CI_CO[2])
                                                      0.229    13.023 f  userinterface_ofAll/Si_pre_fourHEX_reg[31]_i_3/CO[2]
                         net (fo=3, routed)           0.448    13.471    userinterface_ofAll/CO[0]
    SLICE_X41Y21         LUT1 (Prop_lut1_I0_O)        0.305    13.776 r  userinterface_ofAll/Si_pre_fourHEX[31]_i_1/O
                         net (fo=32, routed)          0.565    14.341    userinterface_ofAll/Si_pre_fourHEX[31]_i_1_n_2
    SLICE_X40Y20         FDSE                                         r  userinterface_ofAll/Si_pre_fourHEX_reg[8]/CE
  -------------------------------------------------------------------    -------------------

                         (clock CLK_top rise edge)   10.000    10.000 r  
    W5                                                0.000    10.000 r  CLK_top (IN)
                         net (fo=0)                   0.000    10.000    CLK_top
    W5                   IBUF (Prop_ibuf_I_O)         1.388    11.388 r  CLK_top_IBUF_inst/O
                         net (fo=1, routed)           1.862    13.250    CLK_top_IBUF
    BUFGCTRL_X0Y0        BUFG (Prop_bufg_I_O)         0.091    13.341 r  CLK_top_IBUF_BUFG_inst/O
                         net (fo=542, routed)         1.436    14.777    userinterface_ofAll/CLK_top_IBUF_BUFG
    SLICE_X40Y20         FDSE                                         r  userinterface_ofAll/Si_pre_fourHEX_reg[8]/C
                         clock pessimism              0.260    15.037    
                         clock uncertainty           -0.035    15.002    
    SLICE_X40Y20         FDSE (Setup_fdse_C_CE)      -0.413    14.589    userinterface_ofAll/Si_pre_fourHEX_reg[8]
  -------------------------------------------------------------------
                         required time                         14.589    
                         arrival time                         -14.341    
  -------------------------------------------------------------------
                         slack                                  0.247    

Slack (MET) :             0.254ns  (required time - arrival time)
  Source:                 debounce_ofAll/input_circle_status_reg[7]/C
                            (rising edge-triggered cell FDRE clocked by CLK_top  {rise@0.000ns fall@5.000ns period=10.000ns})
  Destination:            userinterface_ofAll/Si_pre_fourHEX_reg[0]/CE
                            (rising edge-triggered cell FDRE clocked by CLK_top  {rise@0.000ns fall@5.000ns period=10.000ns})
  Path Group:             CLK_top
  Path Type:              Setup (Max at Slow Process Corner)
  Requirement:            10.000ns  (CLK_top rise@10.000ns - CLK_top rise@0.000ns)
  Data Path Delay:        9.249ns  (logic 2.461ns (26.608%)  route 6.788ns (73.392%))
  Logic Levels:           10  (CARRY4=3 LUT1=1 LUT4=1 LUT6=5)
  Clock Path Skew:        -0.048ns (DCD - SCD + CPR)
    Destination Clock Delay (DCD):    4.776ns = ( 14.776 - 10.000 ) 
    Source Clock Delay      (SCD):    5.084ns
    Clock Pessimism Removal (CPR):    0.260ns
  Clock Uncertainty:      0.035ns  ((TSJ^2 + TIJ^2)^1/2 + DJ) / 2 + PE
    Total System Jitter     (TSJ):    0.071ns
    Total Input Jitter      (TIJ):    0.000ns
    Discrete Jitter          (DJ):    0.000ns
    Phase Error              (PE):    0.000ns

    Location             Delay type                Incr(ns)  Path(ns)    Netlist Resource(s)
  -------------------------------------------------------------------    -------------------
                         (clock CLK_top rise edge)    0.000     0.000 r  
    W5                                                0.000     0.000 r  CLK_top (IN)
                         net (fo=0)                   0.000     0.000    CLK_top
    W5                   IBUF (Prop_ibuf_I_O)         1.458     1.458 r  CLK_top_IBUF_inst/O
                         net (fo=1, routed)           1.967     3.425    CLK_top_IBUF
    BUFGCTRL_X0Y0        BUFG (Prop_bufg_I_O)         0.096     3.521 r  CLK_top_IBUF_BUFG_inst/O
                         net (fo=542, routed)         1.563     5.084    debounce_ofAll/CLK_top_IBUF_BUFG
    SLICE_X48Y15         FDRE                                         r  debounce_ofAll/input_circle_status_reg[7]/C
  -------------------------------------------------------------------    -------------------
    SLICE_X48Y15         FDRE (Prop_fdre_C_Q)         0.456     5.540 r  debounce_ofAll/input_circle_status_reg[7]/Q
                         net (fo=37, routed)          1.148     6.688    debounce_ofAll/input_circle_status_reg_n_2_[7]
    SLICE_X47Y16         LUT4 (Prop_lut4_I0_O)        0.152     6.840 f  debounce_ofAll/Si_pre_fourHEX[7]_i_10/O
                         net (fo=4, routed)           0.951     7.791    debounce_ofAll/Si_pre_fourHEX[7]_i_10_n_2
    SLICE_X49Y17         LUT6 (Prop_lut6_I0_O)        0.326     8.117 r  debounce_ofAll/Si_pre_fourHEX[31]_i_38/O
                         net (fo=1, routed)           0.622     8.740    debounce_ofAll/Si_pre_fourHEX[31]_i_38_n_2
    SLICE_X48Y17         LUT6 (Prop_lut6_I3_O)        0.124     8.864 f  debounce_ofAll/Si_pre_fourHEX[31]_i_14/O
                         net (fo=31, routed)          0.835     9.698    debounce_ofAll/Si_pre_fourHEX[31]_i_14_n_2
    SLICE_X42Y20         LUT6 (Prop_lut6_I5_O)        0.124     9.822 r  debounce_ofAll/Si_pre_fourHEX[7]_i_2/O
                         net (fo=1, routed)           1.221    11.044    debounce_ofAll/Si_pre_fourHEX[7]_i_2_n_2
    SLICE_X48Y18         LUT6 (Prop_lut6_I0_O)        0.124    11.168 r  debounce_ofAll/Si_pre_fourHEX[7]_i_1/O
                         net (fo=39, routed)          1.005    12.173    userinterface_ofAll/S_fourHEX[7]
    SLICE_X38Y20         LUT6 (Prop_lut6_I4_O)        0.124    12.297 r  userinterface_ofAll/Si_pre_fourHEX[31]_i_57/O
                         net (fo=1, routed)           0.000    12.297    userinterface_ofAll/Si_pre_fourHEX[31]_i_57_n_2
    SLICE_X38Y20         CARRY4 (Prop_carry4_S[2]_CO[3])
                                                      0.380    12.677 r  userinterface_ofAll/Si_pre_fourHEX_reg[31]_i_26/CO[3]
                         net (fo=1, routed)           0.000    12.677    userinterface_ofAll/Si_pre_fourHEX_reg[31]_i_26_n_2
    SLICE_X38Y21         CARRY4 (Prop_carry4_CI_CO[3])
                                                      0.117    12.794 r  userinterface_ofAll/Si_pre_fourHEX_reg[31]_i_9/CO[3]
                         net (fo=1, routed)           0.000    12.794    userinterface_ofAll/Si_pre_fourHEX_reg[31]_i_9_n_2
    SLICE_X38Y22         CARRY4 (Prop_carry4_CI_CO[2])
                                                      0.229    13.023 f  userinterface_ofAll/Si_pre_fourHEX_reg[31]_i_3/CO[2]
                         net (fo=3, routed)           0.448    13.471    userinterface_ofAll/CO[0]
    SLICE_X41Y21         LUT1 (Prop_lut1_I0_O)        0.305    13.776 r  userinterface_ofAll/Si_pre_fourHEX[31]_i_1/O
                         net (fo=32, routed)          0.557    14.333    userinterface_ofAll/Si_pre_fourHEX[31]_i_1_n_2
    SLICE_X43Y21         FDRE                                         r  userinterface_ofAll/Si_pre_fourHEX_reg[0]/CE
  -------------------------------------------------------------------    -------------------

                         (clock CLK_top rise edge)   10.000    10.000 r  
    W5                                                0.000    10.000 r  CLK_top (IN)
                         net (fo=0)                   0.000    10.000    CLK_top
    W5                   IBUF (Prop_ibuf_I_O)         1.388    11.388 r  CLK_top_IBUF_inst/O
                         net (fo=1, routed)           1.862    13.250    CLK_top_IBUF
    BUFGCTRL_X0Y0        BUFG (Prop_bufg_I_O)         0.091    13.341 r  CLK_top_IBUF_BUFG_inst/O
                         net (fo=542, routed)         1.435    14.776    userinterface_ofAll/CLK_top_IBUF_BUFG
    SLICE_X43Y21         FDRE                                         r  userinterface_ofAll/Si_pre_fourHEX_reg[0]/C
                         clock pessimism              0.260    15.036    
                         clock uncertainty           -0.035    15.001    
    SLICE_X43Y21         FDRE (Setup_fdre_C_CE)      -0.413    14.588    userinterface_ofAll/Si_pre_fourHEX_reg[0]
  -------------------------------------------------------------------
                         required time                         14.588    
                         arrival time                         -14.333    
  -------------------------------------------------------------------
                         slack                                  0.254    





Min Delay Paths
--------------------------------------------------------------------------------------
Slack (MET) :             0.165ns  (arrival time - required time)
  Source:                 oled_controller_top_mdl/i2c_sender_inst/i2c_master_data_wr_reg[4]/C
                            (rising edge-triggered cell FDRE clocked by CLK_top  {rise@0.000ns fall@5.000ns period=10.000ns})
  Destination:            oled_controller_top_mdl/i2c_master_inst/data_tx_reg[4]/D
                            (rising edge-triggered cell FDRE clocked by CLK_top  {rise@0.000ns fall@5.000ns period=10.000ns})
  Path Group:             CLK_top
  Path Type:              Hold (Min at Fast Process Corner)
  Requirement:            0.000ns  (CLK_top rise@0.000ns - CLK_top rise@0.000ns)
  Data Path Delay:        0.273ns  (logic 0.141ns (51.607%)  route 0.132ns (48.393%))
  Logic Levels:           0  
  Clock Path Skew:        0.033ns (DCD - SCD - CPR)
    Destination Clock Delay (DCD):    1.945ns
    Source Clock Delay      (SCD):    1.434ns
    Clock Pessimism Removal (CPR):    0.478ns

    Location             Delay type                Incr(ns)  Path(ns)    Netlist Resource(s)
  -------------------------------------------------------------------    -------------------
                         (clock CLK_top rise edge)    0.000     0.000 r  
    W5                                                0.000     0.000 r  CLK_top (IN)
                         net (fo=0)                   0.000     0.000    CLK_top
    W5                   IBUF (Prop_ibuf_I_O)         0.226     0.226 r  CLK_top_IBUF_inst/O
                         net (fo=1, routed)           0.631     0.858    CLK_top_IBUF
    BUFGCTRL_X0Y0        BUFG (Prop_bufg_I_O)         0.026     0.884 r  CLK_top_IBUF_BUFG_inst/O
                         net (fo=542, routed)         0.551     1.434    oled_controller_top_mdl/i2c_sender_inst/CLK_top_IBUF_BUFG
    SLICE_X31Y23         FDRE                                         r  oled_controller_top_mdl/i2c_sender_inst/i2c_master_data_wr_reg[4]/C
  -------------------------------------------------------------------    -------------------
    SLICE_X31Y23         FDRE (Prop_fdre_C_Q)         0.141     1.575 r  oled_controller_top_mdl/i2c_sender_inst/i2c_master_data_wr_reg[4]/Q
                         net (fo=2, routed)           0.132     1.707    oled_controller_top_mdl/i2c_master_inst/data_tx_reg[7]_0[4]
    SLICE_X28Y23         FDRE                                         r  oled_controller_top_mdl/i2c_master_inst/data_tx_reg[4]/D
  -------------------------------------------------------------------    -------------------

                         (clock CLK_top rise edge)    0.000     0.000 r  
    W5                                                0.000     0.000 r  CLK_top (IN)
                         net (fo=0)                   0.000     0.000    CLK_top
    W5                   IBUF (Prop_ibuf_I_O)         0.414     0.414 r  CLK_top_IBUF_inst/O
                         net (fo=1, routed)           0.685     1.099    CLK_top_IBUF
    BUFGCTRL_X0Y0        BUFG (Prop_bufg_I_O)         0.029     1.128 r  CLK_top_IBUF_BUFG_inst/O
                         net (fo=542, routed)         0.818     1.945    oled_controller_top_mdl/i2c_master_inst/CLK_top_IBUF_BUFG
    SLICE_X28Y23         FDRE                                         r  oled_controller_top_mdl/i2c_master_inst/data_tx_reg[4]/C
                         clock pessimism             -0.478     1.467    
    SLICE_X28Y23         FDRE (Hold_fdre_C_D)         0.075     1.542    oled_controller_top_mdl/i2c_master_inst/data_tx_reg[4]
  -------------------------------------------------------------------
                         required time                         -1.542    
                         arrival time                           1.707    
  -------------------------------------------------------------------
                         slack                                  0.165    

Slack (MET) :             0.202ns  (arrival time - required time)
  Source:                 oled_controller_top_mdl/i2c_master_inst/FSM_onehot_state_reg[0]/C
                            (rising edge-triggered cell FDPE clocked by CLK_top  {rise@0.000ns fall@5.000ns period=10.000ns})
  Destination:            oled_controller_top_mdl/i2c_master_inst/busy_reg/D
                            (rising edge-triggered cell FDCE clocked by CLK_top  {rise@0.000ns fall@5.000ns period=10.000ns})
  Path Group:             CLK_top
  Path Type:              Hold (Min at Fast Process Corner)
  Requirement:            0.000ns  (CLK_top rise@0.000ns - CLK_top rise@0.000ns)
  Data Path Delay:        0.306ns  (logic 0.186ns (60.780%)  route 0.120ns (39.220%))
  Logic Levels:           1  (LUT6=1)
  Clock Path Skew:        0.013ns (DCD - SCD - CPR)
    Destination Clock Delay (DCD):    1.947ns
    Source Clock Delay      (SCD):    1.436ns
    Clock Pessimism Removal (CPR):    0.498ns

    Location             Delay type                Incr(ns)  Path(ns)    Netlist Resource(s)
  -------------------------------------------------------------------    -------------------
                         (clock CLK_top rise edge)    0.000     0.000 r  
    W5                                                0.000     0.000 r  CLK_top (IN)
                         net (fo=0)                   0.000     0.000    CLK_top
    W5                   IBUF (Prop_ibuf_I_O)         0.226     0.226 r  CLK_top_IBUF_inst/O
                         net (fo=1, routed)           0.631     0.858    CLK_top_IBUF
    BUFGCTRL_X0Y0        BUFG (Prop_bufg_I_O)         0.026     0.884 r  CLK_top_IBUF_BUFG_inst/O
                         net (fo=542, routed)         0.553     1.436    oled_controller_top_mdl/i2c_master_inst/CLK_top_IBUF_BUFG
    SLICE_X28Y22         FDPE                                         r  oled_controller_top_mdl/i2c_master_inst/FSM_onehot_state_reg[0]/C
  -------------------------------------------------------------------    -------------------
    SLICE_X28Y22         FDPE (Prop_fdpe_C_Q)         0.141     1.577 r  oled_controller_top_mdl/i2c_master_inst/FSM_onehot_state_reg[0]/Q
                         net (fo=6, routed)           0.120     1.697    oled_controller_top_mdl/i2c_master_inst/Q[0]
    SLICE_X29Y22         LUT6 (Prop_lut6_I1_O)        0.045     1.742 r  oled_controller_top_mdl/i2c_master_inst/busy_i_1/O
                         net (fo=1, routed)           0.000     1.742    oled_controller_top_mdl/i2c_master_inst/busy_i_1_n_2
    SLICE_X29Y22         FDCE                                         r  oled_controller_top_mdl/i2c_master_inst/busy_reg/D
  -------------------------------------------------------------------    -------------------

                         (clock CLK_top rise edge)    0.000     0.000 r  
    W5                                                0.000     0.000 r  CLK_top (IN)
                         net (fo=0)                   0.000     0.000    CLK_top
    W5                   IBUF (Prop_ibuf_I_O)         0.414     0.414 r  CLK_top_IBUF_inst/O
                         net (fo=1, routed)           0.685     1.099    CLK_top_IBUF
    BUFGCTRL_X0Y0        BUFG (Prop_bufg_I_O)         0.029     1.128 r  CLK_top_IBUF_BUFG_inst/O
                         net (fo=542, routed)         0.820     1.947    oled_controller_top_mdl/i2c_master_inst/CLK_top_IBUF_BUFG
    SLICE_X29Y22         FDCE                                         r  oled_controller_top_mdl/i2c_master_inst/busy_reg/C
                         clock pessimism             -0.498     1.449    
    SLICE_X29Y22         FDCE (Hold_fdce_C_D)         0.091     1.540    oled_controller_top_mdl/i2c_master_inst/busy_reg
  -------------------------------------------------------------------
                         required time                         -1.540    
                         arrival time                           1.742    
  -------------------------------------------------------------------
                         slack                                  0.202    

Slack (MET) :             0.211ns  (arrival time - required time)
  Source:                 oled_controller_top_mdl/i2c_sender_inst/i2c_master_data_wr_reg[6]/C
                            (rising edge-triggered cell FDRE clocked by CLK_top  {rise@0.000ns fall@5.000ns period=10.000ns})
  Destination:            oled_controller_top_mdl/i2c_master_inst/data_tx_reg[6]/D
                            (rising edge-triggered cell FDRE clocked by CLK_top  {rise@0.000ns fall@5.000ns period=10.000ns})
  Path Group:             CLK_top
  Path Type:              Hold (Min at Fast Process Corner)
  Requirement:            0.000ns  (CLK_top rise@0.000ns - CLK_top rise@0.000ns)
  Data Path Delay:        0.261ns  (logic 0.128ns (48.952%)  route 0.133ns (51.048%))
  Logic Levels:           0  
  Clock Path Skew:        0.033ns (DCD - SCD - CPR)
    Destination Clock Delay (DCD):    1.945ns
    Source Clock Delay      (SCD):    1.434ns
    Clock Pessimism Removal (CPR):    0.478ns

    Location             Delay type                Incr(ns)  Path(ns)    Netlist Resource(s)
  -------------------------------------------------------------------    -------------------
                         (clock CLK_top rise edge)    0.000     0.000 r  
    W5                                                0.000     0.000 r  CLK_top (IN)
                         net (fo=0)                   0.000     0.000    CLK_top
    W5                   IBUF (Prop_ibuf_I_O)         0.226     0.226 r  CLK_top_IBUF_inst/O
                         net (fo=1, routed)           0.631     0.858    CLK_top_IBUF
    BUFGCTRL_X0Y0        BUFG (Prop_bufg_I_O)         0.026     0.884 r  CLK_top_IBUF_BUFG_inst/O
                         net (fo=542, routed)         0.551     1.434    oled_controller_top_mdl/i2c_sender_inst/CLK_top_IBUF_BUFG
    SLICE_X31Y23         FDRE                                         r  oled_controller_top_mdl/i2c_sender_inst/i2c_master_data_wr_reg[6]/C
  -------------------------------------------------------------------    -------------------
    SLICE_X31Y23         FDRE (Prop_fdre_C_Q)         0.128     1.562 r  oled_controller_top_mdl/i2c_sender_inst/i2c_master_data_wr_reg[6]/Q
                         net (fo=2, routed)           0.133     1.696    oled_controller_top_mdl/i2c_master_inst/data_tx_reg[7]_0[6]
    SLICE_X29Y23         FDRE                                         r  oled_controller_top_mdl/i2c_master_inst/data_tx_reg[6]/D
  -------------------------------------------------------------------    -------------------

                         (clock CLK_top rise edge)    0.000     0.000 r  
    W5                                                0.000     0.000 r  CLK_top (IN)
                         net (fo=0)                   0.000     0.000    CLK_top
    W5                   IBUF (Prop_ibuf_I_O)         0.414     0.414 r  CLK_top_IBUF_inst/O
                         net (fo=1, routed)           0.685     1.099    CLK_top_IBUF
    BUFGCTRL_X0Y0        BUFG (Prop_bufg_I_O)         0.029     1.128 r  CLK_top_IBUF_BUFG_inst/O
                         net (fo=542, routed)         0.818     1.945    oled_controller_top_mdl/i2c_master_inst/CLK_top_IBUF_BUFG
    SLICE_X29Y23         FDRE                                         r  oled_controller_top_mdl/i2c_master_inst/data_tx_reg[6]/C
                         clock pessimism             -0.478     1.467    
    SLICE_X29Y23         FDRE (Hold_fdre_C_D)         0.017     1.484    oled_controller_top_mdl/i2c_master_inst/data_tx_reg[6]
  -------------------------------------------------------------------
                         required time                         -1.484    
                         arrival time                           1.696    
  -------------------------------------------------------------------
                         slack                                  0.211    

Slack (MET) :             0.213ns  (arrival time - required time)
  Source:                 oled_controller_top_mdl/i2c_master_inst/bit_cnt_reg[1]/C
                            (rising edge-triggered cell FDPE clocked by CLK_top  {rise@0.000ns fall@5.000ns period=10.000ns})
  Destination:            oled_controller_top_mdl/i2c_master_inst/FSM_onehot_state_reg[3]/D
                            (rising edge-triggered cell FDCE clocked by CLK_top  {rise@0.000ns fall@5.000ns period=10.000ns})
  Path Group:             CLK_top
  Path Type:              Hold (Min at Fast Process Corner)
  Requirement:            0.000ns  (CLK_top rise@0.000ns - CLK_top rise@0.000ns)
  Data Path Delay:        0.377ns  (logic 0.189ns (50.129%)  route 0.188ns (49.871%))
  Logic Levels:           1  (LUT4=1)
  Clock Path Skew:        0.033ns (DCD - SCD - CPR)
    Destination Clock Delay (DCD):    1.947ns
    Source Clock Delay      (SCD):    1.436ns
    Clock Pessimism Removal (CPR):    0.478ns

    Location             Delay type                Incr(ns)  Path(ns)    Netlist Resource(s)
  -------------------------------------------------------------------    -------------------
                         (clock CLK_top rise edge)    0.000     0.000 r  
    W5                                                0.000     0.000 r  CLK_top (IN)
                         net (fo=0)                   0.000     0.000    CLK_top
    W5                   IBUF (Prop_ibuf_I_O)         0.226     0.226 r  CLK_top_IBUF_inst/O
                         net (fo=1, routed)           0.631     0.858    CLK_top_IBUF
    BUFGCTRL_X0Y0        BUFG (Prop_bufg_I_O)         0.026     0.884 r  CLK_top_IBUF_BUFG_inst/O
                         net (fo=542, routed)         0.553     1.436    oled_controller_top_mdl/i2c_master_inst/CLK_top_IBUF_BUFG
    SLICE_X29Y21         FDPE                                         r  oled_controller_top_mdl/i2c_master_inst/bit_cnt_reg[1]/C
  -------------------------------------------------------------------    -------------------
    SLICE_X29Y21         FDPE (Prop_fdpe_C_Q)         0.141     1.577 f  oled_controller_top_mdl/i2c_master_inst/bit_cnt_reg[1]/Q
                         net (fo=14, routed)          0.188     1.765    oled_controller_top_mdl/i2c_master_inst/bit_cnt__0[1]
    SLICE_X30Y21         LUT4 (Prop_lut4_I3_O)        0.048     1.813 r  oled_controller_top_mdl/i2c_master_inst/FSM_onehot_state[3]_i_1/O
                         net (fo=1, routed)           0.000     1.813    oled_controller_top_mdl/i2c_master_inst/FSM_onehot_state[3]_i_1_n_2
    SLICE_X30Y21         FDCE                                         r  oled_controller_top_mdl/i2c_master_inst/FSM_onehot_state_reg[3]/D
  -------------------------------------------------------------------    -------------------

                         (clock CLK_top rise edge)    0.000     0.000 r  
    W5                                                0.000     0.000 r  CLK_top (IN)
                         net (fo=0)                   0.000     0.000    CLK_top
    W5                   IBUF (Prop_ibuf_I_O)         0.414     0.414 r  CLK_top_IBUF_inst/O
                         net (fo=1, routed)           0.685     1.099    CLK_top_IBUF
    BUFGCTRL_X0Y0        BUFG (Prop_bufg_I_O)         0.029     1.128 r  CLK_top_IBUF_BUFG_inst/O
                         net (fo=542, routed)         0.820     1.947    oled_controller_top_mdl/i2c_master_inst/CLK_top_IBUF_BUFG
    SLICE_X30Y21         FDCE                                         r  oled_controller_top_mdl/i2c_master_inst/FSM_onehot_state_reg[3]/C
                         clock pessimism             -0.478     1.469    
    SLICE_X30Y21         FDCE (Hold_fdce_C_D)         0.131     1.600    oled_controller_top_mdl/i2c_master_inst/FSM_onehot_state_reg[3]
  -------------------------------------------------------------------
                         required time                         -1.600    
                         arrival time                           1.813    
  -------------------------------------------------------------------
                         slack                                  0.213    

Slack (MET) :             0.214ns  (arrival time - required time)
  Source:                 oled_controller_top_mdl/i2c_sender_inst/i2c_master_data_wr_reg[0]/C
                            (rising edge-triggered cell FDRE clocked by CLK_top  {rise@0.000ns fall@5.000ns period=10.000ns})
  Destination:            oled_controller_top_mdl/i2c_master_inst/data_tx_reg[0]/D
                            (rising edge-triggered cell FDRE clocked by CLK_top  {rise@0.000ns fall@5.000ns period=10.000ns})
  Path Group:             CLK_top
  Path Type:              Hold (Min at Fast Process Corner)
  Requirement:            0.000ns  (CLK_top rise@0.000ns - CLK_top rise@0.000ns)
  Data Path Delay:        0.293ns  (logic 0.164ns (55.988%)  route 0.129ns (44.012%))
  Logic Levels:           0  
  Clock Path Skew:        0.033ns (DCD - SCD - CPR)
    Destination Clock Delay (DCD):    1.945ns
    Source Clock Delay      (SCD):    1.434ns
    Clock Pessimism Removal (CPR):    0.478ns

    Location             Delay type                Incr(ns)  Path(ns)    Netlist Resource(s)
  -------------------------------------------------------------------    -------------------
                         (clock CLK_top rise edge)    0.000     0.000 r  
    W5                                                0.000     0.000 r  CLK_top (IN)
                         net (fo=0)                   0.000     0.000    CLK_top
    W5                   IBUF (Prop_ibuf_I_O)         0.226     0.226 r  CLK_top_IBUF_inst/O
                         net (fo=1, routed)           0.631     0.858    CLK_top_IBUF
    BUFGCTRL_X0Y0        BUFG (Prop_bufg_I_O)         0.026     0.884 r  CLK_top_IBUF_BUFG_inst/O
                         net (fo=542, routed)         0.551     1.434    oled_controller_top_mdl/i2c_sender_inst/CLK_top_IBUF_BUFG
    SLICE_X30Y23         FDRE                                         r  oled_controller_top_mdl/i2c_sender_inst/i2c_master_data_wr_reg[0]/C
  -------------------------------------------------------------------    -------------------
    SLICE_X30Y23         FDRE (Prop_fdre_C_Q)         0.164     1.598 r  oled_controller_top_mdl/i2c_sender_inst/i2c_master_data_wr_reg[0]/Q
                         net (fo=2, routed)           0.129     1.727    oled_controller_top_mdl/i2c_master_inst/data_tx_reg[7]_0[0]
    SLICE_X28Y23         FDRE                                         r  oled_controller_top_mdl/i2c_master_inst/data_tx_reg[0]/D
  -------------------------------------------------------------------    -------------------

                         (clock CLK_top rise edge)    0.000     0.000 r  
    W5                                                0.000     0.000 r  CLK_top (IN)
                         net (fo=0)                   0.000     0.000    CLK_top
    W5                   IBUF (Prop_ibuf_I_O)         0.414     0.414 r  CLK_top_IBUF_inst/O
                         net (fo=1, routed)           0.685     1.099    CLK_top_IBUF
    BUFGCTRL_X0Y0        BUFG (Prop_bufg_I_O)         0.029     1.128 r  CLK_top_IBUF_BUFG_inst/O
                         net (fo=542, routed)         0.818     1.945    oled_controller_top_mdl/i2c_master_inst/CLK_top_IBUF_BUFG
    SLICE_X28Y23         FDRE                                         r  oled_controller_top_mdl/i2c_master_inst/data_tx_reg[0]/C
                         clock pessimism             -0.478     1.467    
    SLICE_X28Y23         FDRE (Hold_fdre_C_D)         0.046     1.513    oled_controller_top_mdl/i2c_master_inst/data_tx_reg[0]
  -------------------------------------------------------------------
                         required time                         -1.513    
                         arrival time                           1.727    
  -------------------------------------------------------------------
                         slack                                  0.214    

Slack (MET) :             0.214ns  (arrival time - required time)
  Source:                 oled_controller_top_mdl/i2c_sender_inst/i2c_master_data_wr_reg[3]/C
                            (rising edge-triggered cell FDRE clocked by CLK_top  {rise@0.000ns fall@5.000ns period=10.000ns})
  Destination:            oled_controller_top_mdl/i2c_master_inst/data_tx_reg[3]/D
                            (rising edge-triggered cell FDRE clocked by CLK_top  {rise@0.000ns fall@5.000ns period=10.000ns})
  Path Group:             CLK_top
  Path Type:              Hold (Min at Fast Process Corner)
  Requirement:            0.000ns  (CLK_top rise@0.000ns - CLK_top rise@0.000ns)
  Data Path Delay:        0.265ns  (logic 0.128ns (48.283%)  route 0.137ns (51.717%))
  Logic Levels:           0  
  Clock Path Skew:        0.033ns (DCD - SCD - CPR)
    Destination Clock Delay (DCD):    1.945ns
    Source Clock Delay      (SCD):    1.434ns
    Clock Pessimism Removal (CPR):    0.478ns

    Location             Delay type                Incr(ns)  Path(ns)    Netlist Resource(s)
  -------------------------------------------------------------------    -------------------
                         (clock CLK_top rise edge)    0.000     0.000 r  
    W5                                                0.000     0.000 r  CLK_top (IN)
                         net (fo=0)                   0.000     0.000    CLK_top
    W5                   IBUF (Prop_ibuf_I_O)         0.226     0.226 r  CLK_top_IBUF_inst/O
                         net (fo=1, routed)           0.631     0.858    CLK_top_IBUF
    BUFGCTRL_X0Y0        BUFG (Prop_bufg_I_O)         0.026     0.884 r  CLK_top_IBUF_BUFG_inst/O
                         net (fo=542, routed)         0.551     1.434    oled_controller_top_mdl/i2c_sender_inst/CLK_top_IBUF_BUFG
    SLICE_X31Y23         FDRE                                         r  oled_controller_top_mdl/i2c_sender_inst/i2c_master_data_wr_reg[3]/C
  -------------------------------------------------------------------    -------------------
    SLICE_X31Y23         FDRE (Prop_fdre_C_Q)         0.128     1.562 r  oled_controller_top_mdl/i2c_sender_inst/i2c_master_data_wr_reg[3]/Q
                         net (fo=2, routed)           0.137     1.699    oled_controller_top_mdl/i2c_master_inst/data_tx_reg[7]_0[3]
    SLICE_X28Y23         FDRE                                         r  oled_controller_top_mdl/i2c_master_inst/data_tx_reg[3]/D
  -------------------------------------------------------------------    -------------------

                         (clock CLK_top rise edge)    0.000     0.000 r  
    W5                                                0.000     0.000 r  CLK_top (IN)
                         net (fo=0)                   0.000     0.000    CLK_top
    W5                   IBUF (Prop_ibuf_I_O)         0.414     0.414 r  CLK_top_IBUF_inst/O
                         net (fo=1, routed)           0.685     1.099    CLK_top_IBUF
    BUFGCTRL_X0Y0        BUFG (Prop_bufg_I_O)         0.029     1.128 r  CLK_top_IBUF_BUFG_inst/O
                         net (fo=542, routed)         0.818     1.945    oled_controller_top_mdl/i2c_master_inst/CLK_top_IBUF_BUFG
    SLICE_X28Y23         FDRE                                         r  oled_controller_top_mdl/i2c_master_inst/data_tx_reg[3]/C
                         clock pessimism             -0.478     1.467    
    SLICE_X28Y23         FDRE (Hold_fdre_C_D)         0.018     1.485    oled_controller_top_mdl/i2c_master_inst/data_tx_reg[3]
  -------------------------------------------------------------------
                         required time                         -1.485    
                         arrival time                           1.699    
  -------------------------------------------------------------------
                         slack                                  0.214    

Slack (MET) :             0.215ns  (arrival time - required time)
  Source:                 debounce_ofAll/input_circle_status_reg[6]/C
                            (rising edge-triggered cell FDRE clocked by CLK_top  {rise@0.000ns fall@5.000ns period=10.000ns})
  Destination:            debounce_ofAll/input_circle_status_reg[6]/D
                            (rising edge-triggered cell FDRE clocked by CLK_top  {rise@0.000ns fall@5.000ns period=10.000ns})
  Path Group:             CLK_top
  Path Type:              Hold (Min at Fast Process Corner)
  Requirement:            0.000ns  (CLK_top rise@0.000ns - CLK_top rise@0.000ns)
  Data Path Delay:        0.336ns  (logic 0.209ns (62.292%)  route 0.127ns (37.708%))
  Logic Levels:           1  (LUT6=1)
  Clock Path Skew:        0.000ns (DCD - SCD - CPR)
    Destination Clock Delay (DCD):    1.956ns
    Source Clock Delay      (SCD):    1.443ns
    Clock Pessimism Removal (CPR):    0.513ns

    Location             Delay type                Incr(ns)  Path(ns)    Netlist Resource(s)
  -------------------------------------------------------------------    -------------------
                         (clock CLK_top rise edge)    0.000     0.000 r  
    W5                                                0.000     0.000 r  CLK_top (IN)
                         net (fo=0)                   0.000     0.000    CLK_top
    W5                   IBUF (Prop_ibuf_I_O)         0.226     0.226 r  CLK_top_IBUF_inst/O
                         net (fo=1, routed)           0.631     0.858    CLK_top_IBUF
    BUFGCTRL_X0Y0        BUFG (Prop_bufg_I_O)         0.026     0.884 r  CLK_top_IBUF_BUFG_inst/O
                         net (fo=542, routed)         0.560     1.443    debounce_ofAll/CLK_top_IBUF_BUFG
    SLICE_X52Y17         FDRE                                         r  debounce_ofAll/input_circle_status_reg[6]/C
  -------------------------------------------------------------------    -------------------
    SLICE_X52Y17         FDRE (Prop_fdre_C_Q)         0.164     1.607 r  debounce_ofAll/input_circle_status_reg[6]/Q
                         net (fo=2, routed)           0.127     1.734    debounce_ofAll/input_circle_status_reg_n_2_[6]
    SLICE_X52Y17         LUT6 (Prop_lut6_I5_O)        0.045     1.779 r  debounce_ofAll/input_circle_status[6]_i_1/O
                         net (fo=1, routed)           0.000     1.779    debounce_ofAll/input_circle_status[6]_i_1_n_2
    SLICE_X52Y17         FDRE                                         r  debounce_ofAll/input_circle_status_reg[6]/D
  -------------------------------------------------------------------    -------------------

                         (clock CLK_top rise edge)    0.000     0.000 r  
    W5                                                0.000     0.000 r  CLK_top (IN)
                         net (fo=0)                   0.000     0.000    CLK_top
    W5                   IBUF (Prop_ibuf_I_O)         0.414     0.414 r  CLK_top_IBUF_inst/O
                         net (fo=1, routed)           0.685     1.099    CLK_top_IBUF
    BUFGCTRL_X0Y0        BUFG (Prop_bufg_I_O)         0.029     1.128 r  CLK_top_IBUF_BUFG_inst/O
                         net (fo=542, routed)         0.829     1.956    debounce_ofAll/CLK_top_IBUF_BUFG
    SLICE_X52Y17         FDRE                                         r  debounce_ofAll/input_circle_status_reg[6]/C
                         clock pessimism             -0.513     1.443    
    SLICE_X52Y17         FDRE (Hold_fdre_C_D)         0.121     1.564    debounce_ofAll/input_circle_status_reg[6]
  -------------------------------------------------------------------
                         required time                         -1.564    
                         arrival time                           1.779    
  -------------------------------------------------------------------
                         slack                                  0.215    

Slack (MET) :             0.219ns  (arrival time - required time)
  Source:                 oled_controller_top_mdl/i2c_sender_inst/i2c_master_data_wr_reg[2]/C
                            (rising edge-triggered cell FDRE clocked by CLK_top  {rise@0.000ns fall@5.000ns period=10.000ns})
  Destination:            oled_controller_top_mdl/i2c_master_inst/data_tx_reg[2]/D
                            (rising edge-triggered cell FDRE clocked by CLK_top  {rise@0.000ns fall@5.000ns period=10.000ns})
  Path Group:             CLK_top
  Path Type:              Hold (Min at Fast Process Corner)
  Requirement:            0.000ns  (CLK_top rise@0.000ns - CLK_top rise@0.000ns)
  Data Path Delay:        0.322ns  (logic 0.141ns (43.856%)  route 0.181ns (56.144%))
  Logic Levels:           0  
  Clock Path Skew:        0.033ns (DCD - SCD - CPR)
    Destination Clock Delay (DCD):    1.945ns
    Source Clock Delay      (SCD):    1.434ns
    Clock Pessimism Removal (CPR):    0.478ns

    Location             Delay type                Incr(ns)  Path(ns)    Netlist Resource(s)
  -------------------------------------------------------------------    -------------------
                         (clock CLK_top rise edge)    0.000     0.000 r  
    W5                                                0.000     0.000 r  CLK_top (IN)
                         net (fo=0)                   0.000     0.000    CLK_top
    W5                   IBUF (Prop_ibuf_I_O)         0.226     0.226 r  CLK_top_IBUF_inst/O
                         net (fo=1, routed)           0.631     0.858    CLK_top_IBUF
    BUFGCTRL_X0Y0        BUFG (Prop_bufg_I_O)         0.026     0.884 r  CLK_top_IBUF_BUFG_inst/O
                         net (fo=542, routed)         0.551     1.434    oled_controller_top_mdl/i2c_sender_inst/CLK_top_IBUF_BUFG
    SLICE_X31Y23         FDRE                                         r  oled_controller_top_mdl/i2c_sender_inst/i2c_master_data_wr_reg[2]/C
  -------------------------------------------------------------------    -------------------
    SLICE_X31Y23         FDRE (Prop_fdre_C_Q)         0.141     1.575 r  oled_controller_top_mdl/i2c_sender_inst/i2c_master_data_wr_reg[2]/Q
                         net (fo=2, routed)           0.181     1.756    oled_controller_top_mdl/i2c_master_inst/data_tx_reg[7]_0[2]
    SLICE_X28Y23         FDRE                                         r  oled_controller_top_mdl/i2c_master_inst/data_tx_reg[2]/D
  -------------------------------------------------------------------    -------------------

                         (clock CLK_top rise edge)    0.000     0.000 r  
    W5                                                0.000     0.000 r  CLK_top (IN)
                         net (fo=0)                   0.000     0.000    CLK_top
    W5                   IBUF (Prop_ibuf_I_O)         0.414     0.414 r  CLK_top_IBUF_inst/O
                         net (fo=1, routed)           0.685     1.099    CLK_top_IBUF
    BUFGCTRL_X0Y0        BUFG (Prop_bufg_I_O)         0.029     1.128 r  CLK_top_IBUF_BUFG_inst/O
                         net (fo=542, routed)         0.818     1.945    oled_controller_top_mdl/i2c_master_inst/CLK_top_IBUF_BUFG
    SLICE_X28Y23         FDRE                                         r  oled_controller_top_mdl/i2c_master_inst/data_tx_reg[2]/C
                         clock pessimism             -0.478     1.467    
    SLICE_X28Y23         FDRE (Hold_fdre_C_D)         0.070     1.537    oled_controller_top_mdl/i2c_master_inst/data_tx_reg[2]
  -------------------------------------------------------------------
                         required time                         -1.537    
                         arrival time                           1.756    
  -------------------------------------------------------------------
                         slack                                  0.219    

Slack (MET) :             0.221ns  (arrival time - required time)
  Source:                 oled_controller_top_mdl/i2c_master_inst/bit_cnt_reg[1]/C
                            (rising edge-triggered cell FDPE clocked by CLK_top  {rise@0.000ns fall@5.000ns period=10.000ns})
  Destination:            oled_controller_top_mdl/i2c_master_inst/FSM_onehot_state_reg[2]/D
                            (rising edge-triggered cell FDCE clocked by CLK_top  {rise@0.000ns fall@5.000ns period=10.000ns})
  Path Group:             CLK_top
  Path Type:              Hold (Min at Fast Process Corner)
  Requirement:            0.000ns  (CLK_top rise@0.000ns - CLK_top rise@0.000ns)
  Data Path Delay:        0.374ns  (logic 0.186ns (49.729%)  route 0.188ns (50.271%))
  Logic Levels:           1  (LUT5=1)
  Clock Path Skew:        0.033ns (DCD - SCD - CPR)
    Destination Clock Delay (DCD):    1.947ns
    Source Clock Delay      (SCD):    1.436ns
    Clock Pessimism Removal (CPR):    0.478ns

    Location             Delay type                Incr(ns)  Path(ns)    Netlist Resource(s)
  -------------------------------------------------------------------    -------------------
                         (clock CLK_top rise edge)    0.000     0.000 r  
    W5                                                0.000     0.000 r  CLK_top (IN)
                         net (fo=0)                   0.000     0.000    CLK_top
    W5                   IBUF (Prop_ibuf_I_O)         0.226     0.226 r  CLK_top_IBUF_inst/O
                         net (fo=1, routed)           0.631     0.858    CLK_top_IBUF
    BUFGCTRL_X0Y0        BUFG (Prop_bufg_I_O)         0.026     0.884 r  CLK_top_IBUF_BUFG_inst/O
                         net (fo=542, routed)         0.553     1.436    oled_controller_top_mdl/i2c_master_inst/CLK_top_IBUF_BUFG
    SLICE_X29Y21         FDPE                                         r  oled_controller_top_mdl/i2c_master_inst/bit_cnt_reg[1]/C
  -------------------------------------------------------------------    -------------------
    SLICE_X29Y21         FDPE (Prop_fdpe_C_Q)         0.141     1.577 r  oled_controller_top_mdl/i2c_master_inst/bit_cnt_reg[1]/Q
                         net (fo=14, routed)          0.188     1.765    oled_controller_top_mdl/i2c_master_inst/bit_cnt__0[1]
    SLICE_X30Y21         LUT5 (Prop_lut5_I1_O)        0.045     1.810 r  oled_controller_top_mdl/i2c_master_inst/FSM_onehot_state[2]_i_1/O
                         net (fo=1, routed)           0.000     1.810    oled_controller_top_mdl/i2c_master_inst/FSM_onehot_state[2]_i_1_n_2
    SLICE_X30Y21         FDCE                                         r  oled_controller_top_mdl/i2c_master_inst/FSM_onehot_state_reg[2]/D
  -------------------------------------------------------------------    -------------------

                         (clock CLK_top rise edge)    0.000     0.000 r  
    W5                                                0.000     0.000 r  CLK_top (IN)
                         net (fo=0)                   0.000     0.000    CLK_top
    W5                   IBUF (Prop_ibuf_I_O)         0.414     0.414 r  CLK_top_IBUF_inst/O
                         net (fo=1, routed)           0.685     1.099    CLK_top_IBUF
    BUFGCTRL_X0Y0        BUFG (Prop_bufg_I_O)         0.029     1.128 r  CLK_top_IBUF_BUFG_inst/O
                         net (fo=542, routed)         0.820     1.947    oled_controller_top_mdl/i2c_master_inst/CLK_top_IBUF_BUFG
    SLICE_X30Y21         FDCE                                         r  oled_controller_top_mdl/i2c_master_inst/FSM_onehot_state_reg[2]/C
                         clock pessimism             -0.478     1.469    
    SLICE_X30Y21         FDCE (Hold_fdce_C_D)         0.120     1.589    oled_controller_top_mdl/i2c_master_inst/FSM_onehot_state_reg[2]
  -------------------------------------------------------------------
                         required time                         -1.589    
                         arrival time                           1.810    
  -------------------------------------------------------------------
                         slack                                  0.221    

Slack (MET) :             0.222ns  (arrival time - required time)
  Source:                 oled_controller_top_mdl/sig_i2c_byte2_reg[2]/C
                            (rising edge-triggered cell FDRE clocked by CLK_top  {rise@0.000ns fall@5.000ns period=10.000ns})
  Destination:            oled_controller_top_mdl/i2c_sender_inst/i2c_master_data_wr_reg[2]/D
                            (rising edge-triggered cell FDRE clocked by CLK_top  {rise@0.000ns fall@5.000ns period=10.000ns})
  Path Group:             CLK_top
  Path Type:              Hold (Min at Fast Process Corner)
  Requirement:            0.000ns  (CLK_top rise@0.000ns - CLK_top rise@0.000ns)
  Data Path Delay:        0.324ns  (logic 0.186ns (57.377%)  route 0.138ns (42.623%))
  Logic Levels:           1  (LUT3=1)
  Clock Path Skew:        0.011ns (DCD - SCD - CPR)
    Destination Clock Delay (DCD):    1.944ns
    Source Clock Delay      (SCD):    1.436ns
    Clock Pessimism Removal (CPR):    0.497ns

    Location             Delay type                Incr(ns)  Path(ns)    Netlist Resource(s)
  -------------------------------------------------------------------    -------------------
                         (clock CLK_top rise edge)    0.000     0.000 r  
    W5                                                0.000     0.000 r  CLK_top (IN)
                         net (fo=0)                   0.000     0.000    CLK_top
    W5                   IBUF (Prop_ibuf_I_O)         0.226     0.226 r  CLK_top_IBUF_inst/O
                         net (fo=1, routed)           0.631     0.858    CLK_top_IBUF
    BUFGCTRL_X0Y0        BUFG (Prop_bufg_I_O)         0.026     0.884 r  CLK_top_IBUF_BUFG_inst/O
                         net (fo=542, routed)         0.553     1.436    oled_controller_top_mdl/CLK_top_IBUF_BUFG
    SLICE_X31Y22         FDRE                                         r  oled_controller_top_mdl/sig_i2c_byte2_reg[2]/C
  -------------------------------------------------------------------    -------------------
    SLICE_X31Y22         FDRE (Prop_fdre_C_Q)         0.141     1.577 r  oled_controller_top_mdl/sig_i2c_byte2_reg[2]/Q
                         net (fo=1, routed)           0.138     1.715    oled_controller_top_mdl/i2c_sender_inst/i2c_master_data_wr_reg[7]_1[2]
    SLICE_X31Y23         LUT3 (Prop_lut3_I0_O)        0.045     1.760 r  oled_controller_top_mdl/i2c_sender_inst/i2c_master_data_wr[2]_i_1/O
                         net (fo=1, routed)           0.000     1.760    oled_controller_top_mdl/i2c_sender_inst/i2c_master_data_wr[2]_i_1_n_2
    SLICE_X31Y23         FDRE                                         r  oled_controller_top_mdl/i2c_sender_inst/i2c_master_data_wr_reg[2]/D
  -------------------------------------------------------------------    -------------------

                         (clock CLK_top rise edge)    0.000     0.000 r  
    W5                                                0.000     0.000 r  CLK_top (IN)
                         net (fo=0)                   0.000     0.000    CLK_top
    W5                   IBUF (Prop_ibuf_I_O)         0.414     0.414 r  CLK_top_IBUF_inst/O
                         net (fo=1, routed)           0.685     1.099    CLK_top_IBUF
    BUFGCTRL_X0Y0        BUFG (Prop_bufg_I_O)         0.029     1.128 r  CLK_top_IBUF_BUFG_inst/O
                         net (fo=542, routed)         0.817     1.944    oled_controller_top_mdl/i2c_sender_inst/CLK_top_IBUF_BUFG
    SLICE_X31Y23         FDRE                                         r  oled_controller_top_mdl/i2c_sender_inst/i2c_master_data_wr_reg[2]/C
                         clock pessimism             -0.497     1.447    
    SLICE_X31Y23         FDRE (Hold_fdre_C_D)         0.091     1.538    oled_controller_top_mdl/i2c_sender_inst/i2c_master_data_wr_reg[2]
  -------------------------------------------------------------------
                         required time                         -1.538    
                         arrival time                           1.760    
  -------------------------------------------------------------------
                         slack                                  0.222    





Pulse Width Checks
--------------------------------------------------------------------------------------
Clock Name:         CLK_top
Waveform(ns):       { 0.000 5.000 }
Period(ns):         10.000
Sources:            { CLK_top }

Check Type        Corner  Lib Pin  Reference Pin  Required(ns)  Actual(ns)  Slack(ns)  Location       Pin
Min Period        n/a     BUFG/I   n/a            2.155         10.000      7.845      BUFGCTRL_X0Y0  CLK_top_IBUF_BUFG_inst/I
Min Period        n/a     FDRE/C   n/a            1.000         10.000      9.000      SLICE_X51Y13   debounce_ofAll/debounce_cntr_reg[10]/C
Min Period        n/a     FDRE/C   n/a            1.000         10.000      9.000      SLICE_X51Y13   debounce_ofAll/debounce_cntr_reg[11]/C
Min Period        n/a     FDRE/C   n/a            1.000         10.000      9.000      SLICE_X51Y14   debounce_ofAll/debounce_cntr_reg[12]/C
Min Period        n/a     FDRE/C   n/a            1.000         10.000      9.000      SLICE_X34Y14   oled_controller_top_mdl/SMILEY_BITMAP_DATA_reg[0][3][2]/C
Min Period        n/a     FDRE/C   n/a            1.000         10.000      9.000      SLICE_X34Y14   oled_controller_top_mdl/SMILEY_BITMAP_DATA_reg[0][3][3]/C
Min Period        n/a     FDRE/C   n/a            1.000         10.000      9.000      SLICE_X29Y12   oled_controller_top_mdl/SMILEY_BITMAP_DATA_reg[0][3][4]/C
Min Period        n/a     FDRE/C   n/a            1.000         10.000      9.000      SLICE_X29Y12   oled_controller_top_mdl/SMILEY_BITMAP_DATA_reg[0][3][5]/C
Min Period        n/a     FDRE/C   n/a            1.000         10.000      9.000      SLICE_X29Y12   oled_controller_top_mdl/SMILEY_BITMAP_DATA_reg[0][3][6]/C
Min Period        n/a     FDRE/C   n/a            1.000         10.000      9.000      SLICE_X35Y20   oled_controller_top_mdl/SMILEY_BITMAP_DATA_reg[0][3][7]/C
Low Pulse Width   Slow    FDRE/C   n/a            0.500         5.000       4.500      SLICE_X51Y13   debounce_ofAll/debounce_cntr_reg[10]/C
Low Pulse Width   Slow    FDRE/C   n/a            0.500         5.000       4.500      SLICE_X51Y13   debounce_ofAll/debounce_cntr_reg[11]/C
Low Pulse Width   Slow    FDRE/C   n/a            0.500         5.000       4.500      SLICE_X51Y14   debounce_ofAll/debounce_cntr_reg[12]/C
Low Pulse Width   Slow    FDRE/C   n/a            0.500         5.000       4.500      SLICE_X51Y14   debounce_ofAll/debounce_cntr_reg[13]/C
Low Pulse Width   Slow    FDRE/C   n/a            0.500         5.000       4.500      SLICE_X51Y14   debounce_ofAll/debounce_cntr_reg[14]/C
Low Pulse Width   Slow    FDRE/C   n/a            0.500         5.000       4.500      SLICE_X51Y14   debounce_ofAll/debounce_cntr_reg[15]/C
Low Pulse Width   Slow    FDRE/C   n/a            0.500         5.000       4.500      SLICE_X51Y15   debounce_ofAll/debounce_cntr_reg[16]/C
Low Pulse Width   Slow    FDRE/C   n/a            0.500         5.000       4.500      SLICE_X51Y15   debounce_ofAll/debounce_cntr_reg[17]/C
Low Pulse Width   Slow    FDRE/C   n/a            0.500         5.000       4.500      SLICE_X51Y15   debounce_ofAll/debounce_cntr_reg[18]/C
Low Pulse Width   Slow    FDRE/C   n/a            0.500         5.000       4.500      SLICE_X51Y15   debounce_ofAll/debounce_cntr_reg[19]/C
High Pulse Width  Slow    FDRE/C   n/a            0.500         5.000       4.500      SLICE_X34Y14   oled_controller_top_mdl/SMILEY_BITMAP_DATA_reg[0][3][2]/C
High Pulse Width  Slow    FDRE/C   n/a            0.500         5.000       4.500      SLICE_X34Y14   oled_controller_top_mdl/SMILEY_BITMAP_DATA_reg[0][3][3]/C
High Pulse Width  Fast    FDRE/C   n/a            0.500         5.000       4.500      SLICE_X29Y12   oled_controller_top_mdl/SMILEY_BITMAP_DATA_reg[0][3][4]/C
High Pulse Width  Fast    FDRE/C   n/a            0.500         5.000       4.500      SLICE_X29Y12   oled_controller_top_mdl/SMILEY_BITMAP_DATA_reg[0][3][5]/C
High Pulse Width  Fast    FDRE/C   n/a            0.500         5.000       4.500      SLICE_X29Y12   oled_controller_top_mdl/SMILEY_BITMAP_DATA_reg[0][3][6]/C
High Pulse Width  Slow    FDRE/C   n/a            0.500         5.000       4.500      SLICE_X30Y14   oled_controller_top_mdl/SMILEY_BITMAP_DATA_reg[0][4][3]/C
High Pulse Width  Fast    FDRE/C   n/a            0.500         5.000       4.500      SLICE_X29Y12   oled_controller_top_mdl/SMILEY_BITMAP_DATA_reg[0][4][4]/C
High Pulse Width  Slow    FDRE/C   n/a            0.500         5.000       4.500      SLICE_X30Y14   oled_controller_top_mdl/SMILEY_BITMAP_DATA_reg[0][4][6]/C
High Pulse Width  Slow    FDRE/C   n/a            0.500         5.000       4.500      SLICE_X38Y14   oled_controller_top_mdl/SMILEY_BITMAP_DATA_reg[0][5][1]/C
High Pulse Width  Slow    FDRE/C   n/a            0.500         5.000       4.500      SLICE_X38Y14   oled_controller_top_mdl/SMILEY_BITMAP_DATA_reg[0][5][2]/C



---------------------------------------------------------------------------------------------------
Path Group:  **async_default**
From Clock:  CLK_top
  To Clock:  CLK_top

Setup :            0  Failing Endpoints,  Worst Slack        5.799ns,  Total Violation        0.000ns
Hold  :            0  Failing Endpoints,  Worst Slack        0.741ns,  Total Violation        0.000ns
---------------------------------------------------------------------------------------------------


Max Delay Paths
--------------------------------------------------------------------------------------
Slack (MET) :             5.799ns  (required time - arrival time)
  Source:                 userinterface_ofAll/Si_i2c_trig_d_reg/C
                            (rising edge-triggered cell FDRE clocked by CLK_top  {rise@0.000ns fall@5.000ns period=10.000ns})
  Destination:            oled_controller_top_mdl/i2c_master_inst/count_reg[0]/CLR
                            (recovery check against rising-edge clock CLK_top  {rise@0.000ns fall@5.000ns period=10.000ns})
  Path Group:             **async_default**
  Path Type:              Recovery (Max at Slow Process Corner)
  Requirement:            10.000ns  (CLK_top rise@10.000ns - CLK_top rise@0.000ns)
  Data Path Delay:        3.661ns  (logic 0.580ns (15.844%)  route 3.081ns (84.156%))
  Logic Levels:           1  (LUT1=1)
  Clock Path Skew:        -0.100ns (DCD - SCD + CPR)
    Destination Clock Delay (DCD):    4.781ns = ( 14.781 - 10.000 ) 
    Source Clock Delay      (SCD):    5.069ns
    Clock Pessimism Removal (CPR):    0.188ns
  Clock Uncertainty:      0.035ns  ((TSJ^2 + TIJ^2)^1/2 + DJ) / 2 + PE
    Total System Jitter     (TSJ):    0.071ns
    Total Input Jitter      (TIJ):    0.000ns
    Discrete Jitter          (DJ):    0.000ns
    Phase Error              (PE):    0.000ns

    Location             Delay type                Incr(ns)  Path(ns)    Netlist Resource(s)
  -------------------------------------------------------------------    -------------------
                         (clock CLK_top rise edge)    0.000     0.000 r  
    W5                                                0.000     0.000 r  CLK_top (IN)
                         net (fo=0)                   0.000     0.000    CLK_top
    W5                   IBUF (Prop_ibuf_I_O)         1.458     1.458 r  CLK_top_IBUF_inst/O
                         net (fo=1, routed)           1.967     3.425    CLK_top_IBUF
    BUFGCTRL_X0Y0        BUFG (Prop_bufg_I_O)         0.096     3.521 r  CLK_top_IBUF_BUFG_inst/O
                         net (fo=542, routed)         1.548     5.069    userinterface_ofAll/CLK_top_IBUF_BUFG
    SLICE_X36Y22         FDRE                                         r  userinterface_ofAll/Si_i2c_trig_d_reg/C
  -------------------------------------------------------------------    -------------------
    SLICE_X36Y22         FDRE (Prop_fdre_C_Q)         0.456     5.525 r  userinterface_ofAll/Si_i2c_trig_d_reg/Q
                         net (fo=8, routed)           1.241     6.766    userinterface_ofAll/i2c_trig
    SLICE_X30Y24         LUT1 (Prop_lut1_I0_O)        0.124     6.890 f  userinterface_ofAll/FSM_onehot_state[8]_i_3/O
                         net (fo=125, routed)         1.839     8.730    oled_controller_top_mdl/i2c_master_inst/ack_error_reg_0
    SLICE_X28Y33         FDCE                                         f  oled_controller_top_mdl/i2c_master_inst/count_reg[0]/CLR
  -------------------------------------------------------------------    -------------------

                         (clock CLK_top rise edge)   10.000    10.000 r  
    W5                                                0.000    10.000 r  CLK_top (IN)
                         net (fo=0)                   0.000    10.000    CLK_top
    W5                   IBUF (Prop_ibuf_I_O)         1.388    11.388 r  CLK_top_IBUF_inst/O
                         net (fo=1, routed)           1.862    13.250    CLK_top_IBUF
    BUFGCTRL_X0Y0        BUFG (Prop_bufg_I_O)         0.091    13.341 r  CLK_top_IBUF_BUFG_inst/O
                         net (fo=542, routed)         1.440    14.781    oled_controller_top_mdl/i2c_master_inst/CLK_top_IBUF_BUFG
    SLICE_X28Y33         FDCE                                         r  oled_controller_top_mdl/i2c_master_inst/count_reg[0]/C
                         clock pessimism              0.188    14.969    
                         clock uncertainty           -0.035    14.934    
    SLICE_X28Y33         FDCE (Recov_fdce_C_CLR)     -0.405    14.529    oled_controller_top_mdl/i2c_master_inst/count_reg[0]
  -------------------------------------------------------------------
                         required time                         14.529    
                         arrival time                          -8.730    
  -------------------------------------------------------------------
                         slack                                  5.799    

Slack (MET) :             5.799ns  (required time - arrival time)
  Source:                 userinterface_ofAll/Si_i2c_trig_d_reg/C
                            (rising edge-triggered cell FDRE clocked by CLK_top  {rise@0.000ns fall@5.000ns period=10.000ns})
  Destination:            oled_controller_top_mdl/i2c_master_inst/count_reg[7]/CLR
                            (recovery check against rising-edge clock CLK_top  {rise@0.000ns fall@5.000ns period=10.000ns})
  Path Group:             **async_default**
  Path Type:              Recovery (Max at Slow Process Corner)
  Requirement:            10.000ns  (CLK_top rise@10.000ns - CLK_top rise@0.000ns)
  Data Path Delay:        3.661ns  (logic 0.580ns (15.844%)  route 3.081ns (84.156%))
  Logic Levels:           1  (LUT1=1)
  Clock Path Skew:        -0.100ns (DCD - SCD + CPR)
    Destination Clock Delay (DCD):    4.781ns = ( 14.781 - 10.000 ) 
    Source Clock Delay      (SCD):    5.069ns
    Clock Pessimism Removal (CPR):    0.188ns
  Clock Uncertainty:      0.035ns  ((TSJ^2 + TIJ^2)^1/2 + DJ) / 2 + PE
    Total System Jitter     (TSJ):    0.071ns
    Total Input Jitter      (TIJ):    0.000ns
    Discrete Jitter          (DJ):    0.000ns
    Phase Error              (PE):    0.000ns

    Location             Delay type                Incr(ns)  Path(ns)    Netlist Resource(s)
  -------------------------------------------------------------------    -------------------
                         (clock CLK_top rise edge)    0.000     0.000 r  
    W5                                                0.000     0.000 r  CLK_top (IN)
                         net (fo=0)                   0.000     0.000    CLK_top
    W5                   IBUF (Prop_ibuf_I_O)         1.458     1.458 r  CLK_top_IBUF_inst/O
                         net (fo=1, routed)           1.967     3.425    CLK_top_IBUF
    BUFGCTRL_X0Y0        BUFG (Prop_bufg_I_O)         0.096     3.521 r  CLK_top_IBUF_BUFG_inst/O
                         net (fo=542, routed)         1.548     5.069    userinterface_ofAll/CLK_top_IBUF_BUFG
    SLICE_X36Y22         FDRE                                         r  userinterface_ofAll/Si_i2c_trig_d_reg/C
  -------------------------------------------------------------------    -------------------
    SLICE_X36Y22         FDRE (Prop_fdre_C_Q)         0.456     5.525 r  userinterface_ofAll/Si_i2c_trig_d_reg/Q
                         net (fo=8, routed)           1.241     6.766    userinterface_ofAll/i2c_trig
    SLICE_X30Y24         LUT1 (Prop_lut1_I0_O)        0.124     6.890 f  userinterface_ofAll/FSM_onehot_state[8]_i_3/O
                         net (fo=125, routed)         1.839     8.730    oled_controller_top_mdl/i2c_master_inst/ack_error_reg_0
    SLICE_X28Y33         FDCE                                         f  oled_controller_top_mdl/i2c_master_inst/count_reg[7]/CLR
  -------------------------------------------------------------------    -------------------

                         (clock CLK_top rise edge)   10.000    10.000 r  
    W5                                                0.000    10.000 r  CLK_top (IN)
                         net (fo=0)                   0.000    10.000    CLK_top
    W5                   IBUF (Prop_ibuf_I_O)         1.388    11.388 r  CLK_top_IBUF_inst/O
                         net (fo=1, routed)           1.862    13.250    CLK_top_IBUF
    BUFGCTRL_X0Y0        BUFG (Prop_bufg_I_O)         0.091    13.341 r  CLK_top_IBUF_BUFG_inst/O
                         net (fo=542, routed)         1.440    14.781    oled_controller_top_mdl/i2c_master_inst/CLK_top_IBUF_BUFG
    SLICE_X28Y33         FDCE                                         r  oled_controller_top_mdl/i2c_master_inst/count_reg[7]/C
                         clock pessimism              0.188    14.969    
                         clock uncertainty           -0.035    14.934    
    SLICE_X28Y33         FDCE (Recov_fdce_C_CLR)     -0.405    14.529    oled_controller_top_mdl/i2c_master_inst/count_reg[7]
  -------------------------------------------------------------------
                         required time                         14.529    
                         arrival time                          -8.730    
  -------------------------------------------------------------------
                         slack                                  5.799    

Slack (MET) :             5.803ns  (required time - arrival time)
  Source:                 userinterface_ofAll/Si_i2c_trig_d_reg/C
                            (rising edge-triggered cell FDRE clocked by CLK_top  {rise@0.000ns fall@5.000ns period=10.000ns})
  Destination:            oled_controller_top_mdl/i2c_master_inst/count_reg[3]/CLR
                            (recovery check against rising-edge clock CLK_top  {rise@0.000ns fall@5.000ns period=10.000ns})
  Path Group:             **async_default**
  Path Type:              Recovery (Max at Slow Process Corner)
  Requirement:            10.000ns  (CLK_top rise@10.000ns - CLK_top rise@0.000ns)
  Data Path Delay:        3.656ns  (logic 0.580ns (15.863%)  route 3.076ns (84.137%))
  Logic Levels:           1  (LUT1=1)
  Clock Path Skew:        -0.100ns (DCD - SCD + CPR)
    Destination Clock Delay (DCD):    4.781ns = ( 14.781 - 10.000 ) 
    Source Clock Delay      (SCD):    5.069ns
    Clock Pessimism Removal (CPR):    0.188ns
  Clock Uncertainty:      0.035ns  ((TSJ^2 + TIJ^2)^1/2 + DJ) / 2 + PE
    Total System Jitter     (TSJ):    0.071ns
    Total Input Jitter      (TIJ):    0.000ns
    Discrete Jitter          (DJ):    0.000ns
    Phase Error              (PE):    0.000ns

    Location             Delay type                Incr(ns)  Path(ns)    Netlist Resource(s)
  -------------------------------------------------------------------    -------------------
                         (clock CLK_top rise edge)    0.000     0.000 r  
    W5                                                0.000     0.000 r  CLK_top (IN)
                         net (fo=0)                   0.000     0.000    CLK_top
    W5                   IBUF (Prop_ibuf_I_O)         1.458     1.458 r  CLK_top_IBUF_inst/O
                         net (fo=1, routed)           1.967     3.425    CLK_top_IBUF
    BUFGCTRL_X0Y0        BUFG (Prop_bufg_I_O)         0.096     3.521 r  CLK_top_IBUF_BUFG_inst/O
                         net (fo=542, routed)         1.548     5.069    userinterface_ofAll/CLK_top_IBUF_BUFG
    SLICE_X36Y22         FDRE                                         r  userinterface_ofAll/Si_i2c_trig_d_reg/C
  -------------------------------------------------------------------    -------------------
    SLICE_X36Y22         FDRE (Prop_fdre_C_Q)         0.456     5.525 r  userinterface_ofAll/Si_i2c_trig_d_reg/Q
                         net (fo=8, routed)           1.241     6.766    userinterface_ofAll/i2c_trig
    SLICE_X30Y24         LUT1 (Prop_lut1_I0_O)        0.124     6.890 f  userinterface_ofAll/FSM_onehot_state[8]_i_3/O
                         net (fo=125, routed)         1.835     8.726    oled_controller_top_mdl/i2c_master_inst/ack_error_reg_0
    SLICE_X29Y33         FDCE                                         f  oled_controller_top_mdl/i2c_master_inst/count_reg[3]/CLR
  -------------------------------------------------------------------    -------------------

                         (clock CLK_top rise edge)   10.000    10.000 r  
    W5                                                0.000    10.000 r  CLK_top (IN)
                         net (fo=0)                   0.000    10.000    CLK_top
    W5                   IBUF (Prop_ibuf_I_O)         1.388    11.388 r  CLK_top_IBUF_inst/O
                         net (fo=1, routed)           1.862    13.250    CLK_top_IBUF
    BUFGCTRL_X0Y0        BUFG (Prop_bufg_I_O)         0.091    13.341 r  CLK_top_IBUF_BUFG_inst/O
                         net (fo=542, routed)         1.440    14.781    oled_controller_top_mdl/i2c_master_inst/CLK_top_IBUF_BUFG
    SLICE_X29Y33         FDCE                                         r  oled_controller_top_mdl/i2c_master_inst/count_reg[3]/C
                         clock pessimism              0.188    14.969    
                         clock uncertainty           -0.035    14.934    
    SLICE_X29Y33         FDCE (Recov_fdce_C_CLR)     -0.405    14.529    oled_controller_top_mdl/i2c_master_inst/count_reg[3]
  -------------------------------------------------------------------
                         required time                         14.529    
                         arrival time                          -8.726    
  -------------------------------------------------------------------
                         slack                                  5.803    

Slack (MET) :             5.812ns  (required time - arrival time)
  Source:                 userinterface_ofAll/Si_i2c_trig_d_reg/C
                            (rising edge-triggered cell FDRE clocked by CLK_top  {rise@0.000ns fall@5.000ns period=10.000ns})
  Destination:            oled_controller_top_mdl/data_byte_count_reg[21]/CLR
                            (recovery check against rising-edge clock CLK_top  {rise@0.000ns fall@5.000ns period=10.000ns})
  Path Group:             **async_default**
  Path Type:              Recovery (Max at Slow Process Corner)
  Requirement:            10.000ns  (CLK_top rise@10.000ns - CLK_top rise@0.000ns)
  Data Path Delay:        3.645ns  (logic 0.580ns (15.912%)  route 3.065ns (84.088%))
  Logic Levels:           1  (LUT1=1)
  Clock Path Skew:        -0.103ns (DCD - SCD + CPR)
    Destination Clock Delay (DCD):    4.778ns = ( 14.778 - 10.000 ) 
    Source Clock Delay      (SCD):    5.069ns
    Clock Pessimism Removal (CPR):    0.188ns
  Clock Uncertainty:      0.035ns  ((TSJ^2 + TIJ^2)^1/2 + DJ) / 2 + PE
    Total System Jitter     (TSJ):    0.071ns
    Total Input Jitter      (TIJ):    0.000ns
    Discrete Jitter          (DJ):    0.000ns
    Phase Error              (PE):    0.000ns

    Location             Delay type                Incr(ns)  Path(ns)    Netlist Resource(s)
  -------------------------------------------------------------------    -------------------
                         (clock CLK_top rise edge)    0.000     0.000 r  
    W5                                                0.000     0.000 r  CLK_top (IN)
                         net (fo=0)                   0.000     0.000    CLK_top
    W5                   IBUF (Prop_ibuf_I_O)         1.458     1.458 r  CLK_top_IBUF_inst/O
                         net (fo=1, routed)           1.967     3.425    CLK_top_IBUF
    BUFGCTRL_X0Y0        BUFG (Prop_bufg_I_O)         0.096     3.521 r  CLK_top_IBUF_BUFG_inst/O
                         net (fo=542, routed)         1.548     5.069    userinterface_ofAll/CLK_top_IBUF_BUFG
    SLICE_X36Y22         FDRE                                         r  userinterface_ofAll/Si_i2c_trig_d_reg/C
  -------------------------------------------------------------------    -------------------
    SLICE_X36Y22         FDRE (Prop_fdre_C_Q)         0.456     5.525 r  userinterface_ofAll/Si_i2c_trig_d_reg/Q
                         net (fo=8, routed)           1.241     6.766    userinterface_ofAll/i2c_trig
    SLICE_X30Y24         LUT1 (Prop_lut1_I0_O)        0.124     6.890 f  userinterface_ofAll/FSM_onehot_state[8]_i_3/O
                         net (fo=125, routed)         1.824     8.714    oled_controller_top_mdl/i2c_master_ena_reg
    SLICE_X35Y33         FDCE                                         f  oled_controller_top_mdl/data_byte_count_reg[21]/CLR
  -------------------------------------------------------------------    -------------------

                         (clock CLK_top rise edge)   10.000    10.000 r  
    W5                                                0.000    10.000 r  CLK_top (IN)
                         net (fo=0)                   0.000    10.000    CLK_top
    W5                   IBUF (Prop_ibuf_I_O)         1.388    11.388 r  CLK_top_IBUF_inst/O
                         net (fo=1, routed)           1.862    13.250    CLK_top_IBUF
    BUFGCTRL_X0Y0        BUFG (Prop_bufg_I_O)         0.091    13.341 r  CLK_top_IBUF_BUFG_inst/O
                         net (fo=542, routed)         1.437    14.778    oled_controller_top_mdl/CLK_top_IBUF_BUFG
    SLICE_X35Y33         FDCE                                         r  oled_controller_top_mdl/data_byte_count_reg[21]/C
                         clock pessimism              0.188    14.966    
                         clock uncertainty           -0.035    14.931    
    SLICE_X35Y33         FDCE (Recov_fdce_C_CLR)     -0.405    14.526    oled_controller_top_mdl/data_byte_count_reg[21]
  -------------------------------------------------------------------
                         required time                         14.526    
                         arrival time                          -8.714    
  -------------------------------------------------------------------
                         slack                                  5.812    

Slack (MET) :             5.812ns  (required time - arrival time)
  Source:                 userinterface_ofAll/Si_i2c_trig_d_reg/C
                            (rising edge-triggered cell FDRE clocked by CLK_top  {rise@0.000ns fall@5.000ns period=10.000ns})
  Destination:            oled_controller_top_mdl/data_byte_count_reg[26]/CLR
                            (recovery check against rising-edge clock CLK_top  {rise@0.000ns fall@5.000ns period=10.000ns})
  Path Group:             **async_default**
  Path Type:              Recovery (Max at Slow Process Corner)
  Requirement:            10.000ns  (CLK_top rise@10.000ns - CLK_top rise@0.000ns)
  Data Path Delay:        3.645ns  (logic 0.580ns (15.912%)  route 3.065ns (84.088%))
  Logic Levels:           1  (LUT1=1)
  Clock Path Skew:        -0.103ns (DCD - SCD + CPR)
    Destination Clock Delay (DCD):    4.778ns = ( 14.778 - 10.000 ) 
    Source Clock Delay      (SCD):    5.069ns
    Clock Pessimism Removal (CPR):    0.188ns
  Clock Uncertainty:      0.035ns  ((TSJ^2 + TIJ^2)^1/2 + DJ) / 2 + PE
    Total System Jitter     (TSJ):    0.071ns
    Total Input Jitter      (TIJ):    0.000ns
    Discrete Jitter          (DJ):    0.000ns
    Phase Error              (PE):    0.000ns

    Location             Delay type                Incr(ns)  Path(ns)    Netlist Resource(s)
  -------------------------------------------------------------------    -------------------
                         (clock CLK_top rise edge)    0.000     0.000 r  
    W5                                                0.000     0.000 r  CLK_top (IN)
                         net (fo=0)                   0.000     0.000    CLK_top
    W5                   IBUF (Prop_ibuf_I_O)         1.458     1.458 r  CLK_top_IBUF_inst/O
                         net (fo=1, routed)           1.967     3.425    CLK_top_IBUF
    BUFGCTRL_X0Y0        BUFG (Prop_bufg_I_O)         0.096     3.521 r  CLK_top_IBUF_BUFG_inst/O
                         net (fo=542, routed)         1.548     5.069    userinterface_ofAll/CLK_top_IBUF_BUFG
    SLICE_X36Y22         FDRE                                         r  userinterface_ofAll/Si_i2c_trig_d_reg/C
  -------------------------------------------------------------------    -------------------
    SLICE_X36Y22         FDRE (Prop_fdre_C_Q)         0.456     5.525 r  userinterface_ofAll/Si_i2c_trig_d_reg/Q
                         net (fo=8, routed)           1.241     6.766    userinterface_ofAll/i2c_trig
    SLICE_X30Y24         LUT1 (Prop_lut1_I0_O)        0.124     6.890 f  userinterface_ofAll/FSM_onehot_state[8]_i_3/O
                         net (fo=125, routed)         1.824     8.714    oled_controller_top_mdl/i2c_master_ena_reg
    SLICE_X35Y33         FDCE                                         f  oled_controller_top_mdl/data_byte_count_reg[26]/CLR
  -------------------------------------------------------------------    -------------------

                         (clock CLK_top rise edge)   10.000    10.000 r  
    W5                                                0.000    10.000 r  CLK_top (IN)
                         net (fo=0)                   0.000    10.000    CLK_top
    W5                   IBUF (Prop_ibuf_I_O)         1.388    11.388 r  CLK_top_IBUF_inst/O
                         net (fo=1, routed)           1.862    13.250    CLK_top_IBUF
    BUFGCTRL_X0Y0        BUFG (Prop_bufg_I_O)         0.091    13.341 r  CLK_top_IBUF_BUFG_inst/O
                         net (fo=542, routed)         1.437    14.778    oled_controller_top_mdl/CLK_top_IBUF_BUFG
    SLICE_X35Y33         FDCE                                         r  oled_controller_top_mdl/data_byte_count_reg[26]/C
                         clock pessimism              0.188    14.966    
                         clock uncertainty           -0.035    14.931    
    SLICE_X35Y33         FDCE (Recov_fdce_C_CLR)     -0.405    14.526    oled_controller_top_mdl/data_byte_count_reg[26]
  -------------------------------------------------------------------
                         required time                         14.526    
                         arrival time                          -8.714    
  -------------------------------------------------------------------
                         slack                                  5.812    

Slack (MET) :             5.812ns  (required time - arrival time)
  Source:                 userinterface_ofAll/Si_i2c_trig_d_reg/C
                            (rising edge-triggered cell FDRE clocked by CLK_top  {rise@0.000ns fall@5.000ns period=10.000ns})
  Destination:            oled_controller_top_mdl/data_byte_count_reg[28]/CLR
                            (recovery check against rising-edge clock CLK_top  {rise@0.000ns fall@5.000ns period=10.000ns})
  Path Group:             **async_default**
  Path Type:              Recovery (Max at Slow Process Corner)
  Requirement:            10.000ns  (CLK_top rise@10.000ns - CLK_top rise@0.000ns)
  Data Path Delay:        3.645ns  (logic 0.580ns (15.912%)  route 3.065ns (84.088%))
  Logic Levels:           1  (LUT1=1)
  Clock Path Skew:        -0.103ns (DCD - SCD + CPR)
    Destination Clock Delay (DCD):    4.778ns = ( 14.778 - 10.000 ) 
    Source Clock Delay      (SCD):    5.069ns
    Clock Pessimism Removal (CPR):    0.188ns
  Clock Uncertainty:      0.035ns  ((TSJ^2 + TIJ^2)^1/2 + DJ) / 2 + PE
    Total System Jitter     (TSJ):    0.071ns
    Total Input Jitter      (TIJ):    0.000ns
    Discrete Jitter          (DJ):    0.000ns
    Phase Error              (PE):    0.000ns

    Location             Delay type                Incr(ns)  Path(ns)    Netlist Resource(s)
  -------------------------------------------------------------------    -------------------
                         (clock CLK_top rise edge)    0.000     0.000 r  
    W5                                                0.000     0.000 r  CLK_top (IN)
                         net (fo=0)                   0.000     0.000    CLK_top
    W5                   IBUF (Prop_ibuf_I_O)         1.458     1.458 r  CLK_top_IBUF_inst/O
                         net (fo=1, routed)           1.967     3.425    CLK_top_IBUF
    BUFGCTRL_X0Y0        BUFG (Prop_bufg_I_O)         0.096     3.521 r  CLK_top_IBUF_BUFG_inst/O
                         net (fo=542, routed)         1.548     5.069    userinterface_ofAll/CLK_top_IBUF_BUFG
    SLICE_X36Y22         FDRE                                         r  userinterface_ofAll/Si_i2c_trig_d_reg/C
  -------------------------------------------------------------------    -------------------
    SLICE_X36Y22         FDRE (Prop_fdre_C_Q)         0.456     5.525 r  userinterface_ofAll/Si_i2c_trig_d_reg/Q
                         net (fo=8, routed)           1.241     6.766    userinterface_ofAll/i2c_trig
    SLICE_X30Y24         LUT1 (Prop_lut1_I0_O)        0.124     6.890 f  userinterface_ofAll/FSM_onehot_state[8]_i_3/O
                         net (fo=125, routed)         1.824     8.714    oled_controller_top_mdl/i2c_master_ena_reg
    SLICE_X35Y33         FDCE                                         f  oled_controller_top_mdl/data_byte_count_reg[28]/CLR
  -------------------------------------------------------------------    -------------------

                         (clock CLK_top rise edge)   10.000    10.000 r  
    W5                                                0.000    10.000 r  CLK_top (IN)
                         net (fo=0)                   0.000    10.000    CLK_top
    W5                   IBUF (Prop_ibuf_I_O)         1.388    11.388 r  CLK_top_IBUF_inst/O
                         net (fo=1, routed)           1.862    13.250    CLK_top_IBUF
    BUFGCTRL_X0Y0        BUFG (Prop_bufg_I_O)         0.091    13.341 r  CLK_top_IBUF_BUFG_inst/O
                         net (fo=542, routed)         1.437    14.778    oled_controller_top_mdl/CLK_top_IBUF_BUFG
    SLICE_X35Y33         FDCE                                         r  oled_controller_top_mdl/data_byte_count_reg[28]/C
                         clock pessimism              0.188    14.966    
                         clock uncertainty           -0.035    14.931    
    SLICE_X35Y33         FDCE (Recov_fdce_C_CLR)     -0.405    14.526    oled_controller_top_mdl/data_byte_count_reg[28]
  -------------------------------------------------------------------
                         required time                         14.526    
                         arrival time                          -8.714    
  -------------------------------------------------------------------
                         slack                                  5.812    

Slack (MET) :             5.829ns  (required time - arrival time)
  Source:                 userinterface_ofAll/Si_i2c_trig_d_reg/C
                            (rising edge-triggered cell FDRE clocked by CLK_top  {rise@0.000ns fall@5.000ns period=10.000ns})
  Destination:            oled_controller_top_mdl/data_byte_count_reg[22]/CLR
                            (recovery check against rising-edge clock CLK_top  {rise@0.000ns fall@5.000ns period=10.000ns})
  Path Group:             **async_default**
  Path Type:              Recovery (Max at Slow Process Corner)
  Requirement:            10.000ns  (CLK_top rise@10.000ns - CLK_top rise@0.000ns)
  Data Path Delay:        3.629ns  (logic 0.580ns (15.983%)  route 3.049ns (84.017%))
  Logic Levels:           1  (LUT1=1)
  Clock Path Skew:        -0.102ns (DCD - SCD + CPR)
    Destination Clock Delay (DCD):    4.779ns = ( 14.779 - 10.000 ) 
    Source Clock Delay      (SCD):    5.069ns
    Clock Pessimism Removal (CPR):    0.188ns
  Clock Uncertainty:      0.035ns  ((TSJ^2 + TIJ^2)^1/2 + DJ) / 2 + PE
    Total System Jitter     (TSJ):    0.071ns
    Total Input Jitter      (TIJ):    0.000ns
    Discrete Jitter          (DJ):    0.000ns
    Phase Error              (PE):    0.000ns

    Location             Delay type                Incr(ns)  Path(ns)    Netlist Resource(s)
  -------------------------------------------------------------------    -------------------
                         (clock CLK_top rise edge)    0.000     0.000 r  
    W5                                                0.000     0.000 r  CLK_top (IN)
                         net (fo=0)                   0.000     0.000    CLK_top
    W5                   IBUF (Prop_ibuf_I_O)         1.458     1.458 r  CLK_top_IBUF_inst/O
                         net (fo=1, routed)           1.967     3.425    CLK_top_IBUF
    BUFGCTRL_X0Y0        BUFG (Prop_bufg_I_O)         0.096     3.521 r  CLK_top_IBUF_BUFG_inst/O
                         net (fo=542, routed)         1.548     5.069    userinterface_ofAll/CLK_top_IBUF_BUFG
    SLICE_X36Y22         FDRE                                         r  userinterface_ofAll/Si_i2c_trig_d_reg/C
  -------------------------------------------------------------------    -------------------
    SLICE_X36Y22         FDRE (Prop_fdre_C_Q)         0.456     5.525 r  userinterface_ofAll/Si_i2c_trig_d_reg/Q
                         net (fo=8, routed)           1.241     6.766    userinterface_ofAll/i2c_trig
    SLICE_X30Y24         LUT1 (Prop_lut1_I0_O)        0.124     6.890 f  userinterface_ofAll/FSM_onehot_state[8]_i_3/O
                         net (fo=125, routed)         1.808     8.698    oled_controller_top_mdl/i2c_master_ena_reg
    SLICE_X32Y33         FDCE                                         f  oled_controller_top_mdl/data_byte_count_reg[22]/CLR
  -------------------------------------------------------------------    -------------------

                         (clock CLK_top rise edge)   10.000    10.000 r  
    W5                                                0.000    10.000 r  CLK_top (IN)
                         net (fo=0)                   0.000    10.000    CLK_top
    W5                   IBUF (Prop_ibuf_I_O)         1.388    11.388 r  CLK_top_IBUF_inst/O
                         net (fo=1, routed)           1.862    13.250    CLK_top_IBUF
    BUFGCTRL_X0Y0        BUFG (Prop_bufg_I_O)         0.091    13.341 r  CLK_top_IBUF_BUFG_inst/O
                         net (fo=542, routed)         1.438    14.779    oled_controller_top_mdl/CLK_top_IBUF_BUFG
    SLICE_X32Y33         FDCE                                         r  oled_controller_top_mdl/data_byte_count_reg[22]/C
                         clock pessimism              0.188    14.967    
                         clock uncertainty           -0.035    14.932    
    SLICE_X32Y33         FDCE (Recov_fdce_C_CLR)     -0.405    14.527    oled_controller_top_mdl/data_byte_count_reg[22]
  -------------------------------------------------------------------
                         required time                         14.527    
                         arrival time                          -8.698    
  -------------------------------------------------------------------
                         slack                                  5.829    

Slack (MET) :             5.829ns  (required time - arrival time)
  Source:                 userinterface_ofAll/Si_i2c_trig_d_reg/C
                            (rising edge-triggered cell FDRE clocked by CLK_top  {rise@0.000ns fall@5.000ns period=10.000ns})
  Destination:            oled_controller_top_mdl/data_byte_count_reg[27]/CLR
                            (recovery check against rising-edge clock CLK_top  {rise@0.000ns fall@5.000ns period=10.000ns})
  Path Group:             **async_default**
  Path Type:              Recovery (Max at Slow Process Corner)
  Requirement:            10.000ns  (CLK_top rise@10.000ns - CLK_top rise@0.000ns)
  Data Path Delay:        3.629ns  (logic 0.580ns (15.983%)  route 3.049ns (84.017%))
  Logic Levels:           1  (LUT1=1)
  Clock Path Skew:        -0.102ns (DCD - SCD + CPR)
    Destination Clock Delay (DCD):    4.779ns = ( 14.779 - 10.000 ) 
    Source Clock Delay      (SCD):    5.069ns
    Clock Pessimism Removal (CPR):    0.188ns
  Clock Uncertainty:      0.035ns  ((TSJ^2 + TIJ^2)^1/2 + DJ) / 2 + PE
    Total System Jitter     (TSJ):    0.071ns
    Total Input Jitter      (TIJ):    0.000ns
    Discrete Jitter          (DJ):    0.000ns
    Phase Error              (PE):    0.000ns

    Location             Delay type                Incr(ns)  Path(ns)    Netlist Resource(s)
  -------------------------------------------------------------------    -------------------
                         (clock CLK_top rise edge)    0.000     0.000 r  
    W5                                                0.000     0.000 r  CLK_top (IN)
                         net (fo=0)                   0.000     0.000    CLK_top
    W5                   IBUF (Prop_ibuf_I_O)         1.458     1.458 r  CLK_top_IBUF_inst/O
                         net (fo=1, routed)           1.967     3.425    CLK_top_IBUF
    BUFGCTRL_X0Y0        BUFG (Prop_bufg_I_O)         0.096     3.521 r  CLK_top_IBUF_BUFG_inst/O
                         net (fo=542, routed)         1.548     5.069    userinterface_ofAll/CLK_top_IBUF_BUFG
    SLICE_X36Y22         FDRE                                         r  userinterface_ofAll/Si_i2c_trig_d_reg/C
  -------------------------------------------------------------------    -------------------
    SLICE_X36Y22         FDRE (Prop_fdre_C_Q)         0.456     5.525 r  userinterface_ofAll/Si_i2c_trig_d_reg/Q
                         net (fo=8, routed)           1.241     6.766    userinterface_ofAll/i2c_trig
    SLICE_X30Y24         LUT1 (Prop_lut1_I0_O)        0.124     6.890 f  userinterface_ofAll/FSM_onehot_state[8]_i_3/O
                         net (fo=125, routed)         1.808     8.698    oled_controller_top_mdl/i2c_master_ena_reg
    SLICE_X32Y33         FDCE                                         f  oled_controller_top_mdl/data_byte_count_reg[27]/CLR
  -------------------------------------------------------------------    -------------------

                         (clock CLK_top rise edge)   10.000    10.000 r  
    W5                                                0.000    10.000 r  CLK_top (IN)
                         net (fo=0)                   0.000    10.000    CLK_top
    W5                   IBUF (Prop_ibuf_I_O)         1.388    11.388 r  CLK_top_IBUF_inst/O
                         net (fo=1, routed)           1.862    13.250    CLK_top_IBUF
    BUFGCTRL_X0Y0        BUFG (Prop_bufg_I_O)         0.091    13.341 r  CLK_top_IBUF_BUFG_inst/O
                         net (fo=542, routed)         1.438    14.779    oled_controller_top_mdl/CLK_top_IBUF_BUFG
    SLICE_X32Y33         FDCE                                         r  oled_controller_top_mdl/data_byte_count_reg[27]/C
                         clock pessimism              0.188    14.967    
                         clock uncertainty           -0.035    14.932    
    SLICE_X32Y33         FDCE (Recov_fdce_C_CLR)     -0.405    14.527    oled_controller_top_mdl/data_byte_count_reg[27]
  -------------------------------------------------------------------
                         required time                         14.527    
                         arrival time                          -8.698    
  -------------------------------------------------------------------
                         slack                                  5.829    

Slack (MET) :             5.833ns  (required time - arrival time)
  Source:                 userinterface_ofAll/Si_i2c_trig_d_reg/C
                            (rising edge-triggered cell FDRE clocked by CLK_top  {rise@0.000ns fall@5.000ns period=10.000ns})
  Destination:            oled_controller_top_mdl/data_byte_count_reg[23]/CLR
                            (recovery check against rising-edge clock CLK_top  {rise@0.000ns fall@5.000ns period=10.000ns})
  Path Group:             **async_default**
  Path Type:              Recovery (Max at Slow Process Corner)
  Requirement:            10.000ns  (CLK_top rise@10.000ns - CLK_top rise@0.000ns)
  Data Path Delay:        3.624ns  (logic 0.580ns (16.003%)  route 3.044ns (83.997%))
  Logic Levels:           1  (LUT1=1)
  Clock Path Skew:        -0.102ns (DCD - SCD + CPR)
    Destination Clock Delay (DCD):    4.779ns = ( 14.779 - 10.000 ) 
    Source Clock Delay      (SCD):    5.069ns
    Clock Pessimism Removal (CPR):    0.188ns
  Clock Uncertainty:      0.035ns  ((TSJ^2 + TIJ^2)^1/2 + DJ) / 2 + PE
    Total System Jitter     (TSJ):    0.071ns
    Total Input Jitter      (TIJ):    0.000ns
    Discrete Jitter          (DJ):    0.000ns
    Phase Error              (PE):    0.000ns

    Location             Delay type                Incr(ns)  Path(ns)    Netlist Resource(s)
  -------------------------------------------------------------------    -------------------
                         (clock CLK_top rise edge)    0.000     0.000 r  
    W5                                                0.000     0.000 r  CLK_top (IN)
                         net (fo=0)                   0.000     0.000    CLK_top
    W5                   IBUF (Prop_ibuf_I_O)         1.458     1.458 r  CLK_top_IBUF_inst/O
                         net (fo=1, routed)           1.967     3.425    CLK_top_IBUF
    BUFGCTRL_X0Y0        BUFG (Prop_bufg_I_O)         0.096     3.521 r  CLK_top_IBUF_BUFG_inst/O
                         net (fo=542, routed)         1.548     5.069    userinterface_ofAll/CLK_top_IBUF_BUFG
    SLICE_X36Y22         FDRE                                         r  userinterface_ofAll/Si_i2c_trig_d_reg/C
  -------------------------------------------------------------------    -------------------
    SLICE_X36Y22         FDRE (Prop_fdre_C_Q)         0.456     5.525 r  userinterface_ofAll/Si_i2c_trig_d_reg/Q
                         net (fo=8, routed)           1.241     6.766    userinterface_ofAll/i2c_trig
    SLICE_X30Y24         LUT1 (Prop_lut1_I0_O)        0.124     6.890 f  userinterface_ofAll/FSM_onehot_state[8]_i_3/O
                         net (fo=125, routed)         1.803     8.694    oled_controller_top_mdl/i2c_master_ena_reg
    SLICE_X33Y33         FDCE                                         f  oled_controller_top_mdl/data_byte_count_reg[23]/CLR
  -------------------------------------------------------------------    -------------------

                         (clock CLK_top rise edge)   10.000    10.000 r  
    W5                                                0.000    10.000 r  CLK_top (IN)
                         net (fo=0)                   0.000    10.000    CLK_top
    W5                   IBUF (Prop_ibuf_I_O)         1.388    11.388 r  CLK_top_IBUF_inst/O
                         net (fo=1, routed)           1.862    13.250    CLK_top_IBUF
    BUFGCTRL_X0Y0        BUFG (Prop_bufg_I_O)         0.091    13.341 r  CLK_top_IBUF_BUFG_inst/O
                         net (fo=542, routed)         1.438    14.779    oled_controller_top_mdl/CLK_top_IBUF_BUFG
    SLICE_X33Y33         FDCE                                         r  oled_controller_top_mdl/data_byte_count_reg[23]/C
                         clock pessimism              0.188    14.967    
                         clock uncertainty           -0.035    14.932    
    SLICE_X33Y33         FDCE (Recov_fdce_C_CLR)     -0.405    14.527    oled_controller_top_mdl/data_byte_count_reg[23]
  -------------------------------------------------------------------
                         required time                         14.527    
                         arrival time                          -8.694    
  -------------------------------------------------------------------
                         slack                                  5.833    

Slack (MET) :             5.833ns  (required time - arrival time)
  Source:                 userinterface_ofAll/Si_i2c_trig_d_reg/C
                            (rising edge-triggered cell FDRE clocked by CLK_top  {rise@0.000ns fall@5.000ns period=10.000ns})
  Destination:            oled_controller_top_mdl/data_byte_count_reg[25]/CLR
                            (recovery check against rising-edge clock CLK_top  {rise@0.000ns fall@5.000ns period=10.000ns})
  Path Group:             **async_default**
  Path Type:              Recovery (Max at Slow Process Corner)
  Requirement:            10.000ns  (CLK_top rise@10.000ns - CLK_top rise@0.000ns)
  Data Path Delay:        3.624ns  (logic 0.580ns (16.003%)  route 3.044ns (83.997%))
  Logic Levels:           1  (LUT1=1)
  Clock Path Skew:        -0.102ns (DCD - SCD + CPR)
    Destination Clock Delay (DCD):    4.779ns = ( 14.779 - 10.000 ) 
    Source Clock Delay      (SCD):    5.069ns
    Clock Pessimism Removal (CPR):    0.188ns
  Clock Uncertainty:      0.035ns  ((TSJ^2 + TIJ^2)^1/2 + DJ) / 2 + PE
    Total System Jitter     (TSJ):    0.071ns
    Total Input Jitter      (TIJ):    0.000ns
    Discrete Jitter          (DJ):    0.000ns
    Phase Error              (PE):    0.000ns

    Location             Delay type                Incr(ns)  Path(ns)    Netlist Resource(s)
  -------------------------------------------------------------------    -------------------
                         (clock CLK_top rise edge)    0.000     0.000 r  
    W5                                                0.000     0.000 r  CLK_top (IN)
                         net (fo=0)                   0.000     0.000    CLK_top
    W5                   IBUF (Prop_ibuf_I_O)         1.458     1.458 r  CLK_top_IBUF_inst/O
                         net (fo=1, routed)           1.967     3.425    CLK_top_IBUF
    BUFGCTRL_X0Y0        BUFG (Prop_bufg_I_O)         0.096     3.521 r  CLK_top_IBUF_BUFG_inst/O
                         net (fo=542, routed)         1.548     5.069    userinterface_ofAll/CLK_top_IBUF_BUFG
    SLICE_X36Y22         FDRE                                         r  userinterface_ofAll/Si_i2c_trig_d_reg/C
  -------------------------------------------------------------------    -------------------
    SLICE_X36Y22         FDRE (Prop_fdre_C_Q)         0.456     5.525 r  userinterface_ofAll/Si_i2c_trig_d_reg/Q
                         net (fo=8, routed)           1.241     6.766    userinterface_ofAll/i2c_trig
    SLICE_X30Y24         LUT1 (Prop_lut1_I0_O)        0.124     6.890 f  userinterface_ofAll/FSM_onehot_state[8]_i_3/O
                         net (fo=125, routed)         1.803     8.694    oled_controller_top_mdl/i2c_master_ena_reg
    SLICE_X33Y33         FDCE                                         f  oled_controller_top_mdl/data_byte_count_reg[25]/CLR
  -------------------------------------------------------------------    -------------------

                         (clock CLK_top rise edge)   10.000    10.000 r  
    W5                                                0.000    10.000 r  CLK_top (IN)
                         net (fo=0)                   0.000    10.000    CLK_top
    W5                   IBUF (Prop_ibuf_I_O)         1.388    11.388 r  CLK_top_IBUF_inst/O
                         net (fo=1, routed)           1.862    13.250    CLK_top_IBUF
    BUFGCTRL_X0Y0        BUFG (Prop_bufg_I_O)         0.091    13.341 r  CLK_top_IBUF_BUFG_inst/O
                         net (fo=542, routed)         1.438    14.779    oled_controller_top_mdl/CLK_top_IBUF_BUFG
    SLICE_X33Y33         FDCE                                         r  oled_controller_top_mdl/data_byte_count_reg[25]/C
                         clock pessimism              0.188    14.967    
                         clock uncertainty           -0.035    14.932    
    SLICE_X33Y33         FDCE (Recov_fdce_C_CLR)     -0.405    14.527    oled_controller_top_mdl/data_byte_count_reg[25]
  -------------------------------------------------------------------
                         required time                         14.527    
                         arrival time                          -8.694    
  -------------------------------------------------------------------
                         slack                                  5.833    





Min Delay Paths
--------------------------------------------------------------------------------------
Slack (MET) :             0.741ns  (arrival time - required time)
  Source:                 userinterface_ofAll/Si_i2c_trig_d_reg/C
                            (rising edge-triggered cell FDRE clocked by CLK_top  {rise@0.000ns fall@5.000ns period=10.000ns})
  Destination:            oled_controller_top_mdl/command_index_reg[1]/CLR
                            (removal check against rising-edge clock CLK_top  {rise@0.000ns fall@5.000ns period=10.000ns})
  Path Group:             **async_default**
  Path Type:              Removal (Min at Fast Process Corner)
  Requirement:            0.000ns  (CLK_top rise@0.000ns - CLK_top rise@0.000ns)
  Data Path Delay:        0.907ns  (logic 0.186ns (20.514%)  route 0.721ns (79.486%))
  Logic Levels:           1  (LUT1=1)
  Clock Path Skew:        0.258ns (DCD - SCD - CPR)
    Destination Clock Delay (DCD):    1.943ns
    Source Clock Delay      (SCD):    1.436ns
    Clock Pessimism Removal (CPR):    0.249ns

    Location             Delay type                Incr(ns)  Path(ns)    Netlist Resource(s)
  -------------------------------------------------------------------    -------------------
                         (clock CLK_top rise edge)    0.000     0.000 r  
    W5                                                0.000     0.000 r  CLK_top (IN)
                         net (fo=0)                   0.000     0.000    CLK_top
    W5                   IBUF (Prop_ibuf_I_O)         0.226     0.226 r  CLK_top_IBUF_inst/O
                         net (fo=1, routed)           0.631     0.858    CLK_top_IBUF
    BUFGCTRL_X0Y0        BUFG (Prop_bufg_I_O)         0.026     0.884 r  CLK_top_IBUF_BUFG_inst/O
                         net (fo=542, routed)         0.553     1.436    userinterface_ofAll/CLK_top_IBUF_BUFG
    SLICE_X36Y22         FDRE                                         r  userinterface_ofAll/Si_i2c_trig_d_reg/C
  -------------------------------------------------------------------    -------------------
    SLICE_X36Y22         FDRE (Prop_fdre_C_Q)         0.141     1.577 r  userinterface_ofAll/Si_i2c_trig_d_reg/Q
                         net (fo=8, routed)           0.553     2.130    userinterface_ofAll/i2c_trig
    SLICE_X30Y24         LUT1 (Prop_lut1_I0_O)        0.045     2.175 f  userinterface_ofAll/FSM_onehot_state[8]_i_3/O
                         net (fo=125, routed)         0.168     2.343    oled_controller_top_mdl/i2c_master_ena_reg
    SLICE_X32Y24         FDCE                                         f  oled_controller_top_mdl/command_index_reg[1]/CLR
  -------------------------------------------------------------------    -------------------

                         (clock CLK_top rise edge)    0.000     0.000 r  
    W5                                                0.000     0.000 r  CLK_top (IN)
                         net (fo=0)                   0.000     0.000    CLK_top
    W5                   IBUF (Prop_ibuf_I_O)         0.414     0.414 r  CLK_top_IBUF_inst/O
                         net (fo=1, routed)           0.685     1.099    CLK_top_IBUF
    BUFGCTRL_X0Y0        BUFG (Prop_bufg_I_O)         0.029     1.128 r  CLK_top_IBUF_BUFG_inst/O
                         net (fo=542, routed)         0.816     1.943    oled_controller_top_mdl/CLK_top_IBUF_BUFG
    SLICE_X32Y24         FDCE                                         r  oled_controller_top_mdl/command_index_reg[1]/C
                         clock pessimism             -0.249     1.694    
    SLICE_X32Y24         FDCE (Remov_fdce_C_CLR)     -0.092     1.602    oled_controller_top_mdl/command_index_reg[1]
  -------------------------------------------------------------------
                         required time                         -1.602    
                         arrival time                           2.343    
  -------------------------------------------------------------------
                         slack                                  0.741    

Slack (MET) :             0.741ns  (arrival time - required time)
  Source:                 userinterface_ofAll/Si_i2c_trig_d_reg/C
                            (rising edge-triggered cell FDRE clocked by CLK_top  {rise@0.000ns fall@5.000ns period=10.000ns})
  Destination:            oled_controller_top_mdl/command_index_reg[3]/CLR
                            (removal check against rising-edge clock CLK_top  {rise@0.000ns fall@5.000ns period=10.000ns})
  Path Group:             **async_default**
  Path Type:              Removal (Min at Fast Process Corner)
  Requirement:            0.000ns  (CLK_top rise@0.000ns - CLK_top rise@0.000ns)
  Data Path Delay:        0.907ns  (logic 0.186ns (20.514%)  route 0.721ns (79.486%))
  Logic Levels:           1  (LUT1=1)
  Clock Path Skew:        0.258ns (DCD - SCD - CPR)
    Destination Clock Delay (DCD):    1.943ns
    Source Clock Delay      (SCD):    1.436ns
    Clock Pessimism Removal (CPR):    0.249ns

    Location             Delay type                Incr(ns)  Path(ns)    Netlist Resource(s)
  -------------------------------------------------------------------    -------------------
                         (clock CLK_top rise edge)    0.000     0.000 r  
    W5                                                0.000     0.000 r  CLK_top (IN)
                         net (fo=0)                   0.000     0.000    CLK_top
    W5                   IBUF (Prop_ibuf_I_O)         0.226     0.226 r  CLK_top_IBUF_inst/O
                         net (fo=1, routed)           0.631     0.858    CLK_top_IBUF
    BUFGCTRL_X0Y0        BUFG (Prop_bufg_I_O)         0.026     0.884 r  CLK_top_IBUF_BUFG_inst/O
                         net (fo=542, routed)         0.553     1.436    userinterface_ofAll/CLK_top_IBUF_BUFG
    SLICE_X36Y22         FDRE                                         r  userinterface_ofAll/Si_i2c_trig_d_reg/C
  -------------------------------------------------------------------    -------------------
    SLICE_X36Y22         FDRE (Prop_fdre_C_Q)         0.141     1.577 r  userinterface_ofAll/Si_i2c_trig_d_reg/Q
                         net (fo=8, routed)           0.553     2.130    userinterface_ofAll/i2c_trig
    SLICE_X30Y24         LUT1 (Prop_lut1_I0_O)        0.045     2.175 f  userinterface_ofAll/FSM_onehot_state[8]_i_3/O
                         net (fo=125, routed)         0.168     2.343    oled_controller_top_mdl/i2c_master_ena_reg
    SLICE_X32Y24         FDCE                                         f  oled_controller_top_mdl/command_index_reg[3]/CLR
  -------------------------------------------------------------------    -------------------

                         (clock CLK_top rise edge)    0.000     0.000 r  
    W5                                                0.000     0.000 r  CLK_top (IN)
                         net (fo=0)                   0.000     0.000    CLK_top
    W5                   IBUF (Prop_ibuf_I_O)         0.414     0.414 r  CLK_top_IBUF_inst/O
                         net (fo=1, routed)           0.685     1.099    CLK_top_IBUF
    BUFGCTRL_X0Y0        BUFG (Prop_bufg_I_O)         0.029     1.128 r  CLK_top_IBUF_BUFG_inst/O
                         net (fo=542, routed)         0.816     1.943    oled_controller_top_mdl/CLK_top_IBUF_BUFG
    SLICE_X32Y24         FDCE                                         r  oled_controller_top_mdl/command_index_reg[3]/C
                         clock pessimism             -0.249     1.694    
    SLICE_X32Y24         FDCE (Remov_fdce_C_CLR)     -0.092     1.602    oled_controller_top_mdl/command_index_reg[3]
  -------------------------------------------------------------------
                         required time                         -1.602    
                         arrival time                           2.343    
  -------------------------------------------------------------------
                         slack                                  0.741    

Slack (MET) :             0.741ns  (arrival time - required time)
  Source:                 userinterface_ofAll/Si_i2c_trig_d_reg/C
                            (rising edge-triggered cell FDRE clocked by CLK_top  {rise@0.000ns fall@5.000ns period=10.000ns})
  Destination:            oled_controller_top_mdl/command_index_reg[4]/CLR
                            (removal check against rising-edge clock CLK_top  {rise@0.000ns fall@5.000ns period=10.000ns})
  Path Group:             **async_default**
  Path Type:              Removal (Min at Fast Process Corner)
  Requirement:            0.000ns  (CLK_top rise@0.000ns - CLK_top rise@0.000ns)
  Data Path Delay:        0.907ns  (logic 0.186ns (20.514%)  route 0.721ns (79.486%))
  Logic Levels:           1  (LUT1=1)
  Clock Path Skew:        0.258ns (DCD - SCD - CPR)
    Destination Clock Delay (DCD):    1.943ns
    Source Clock Delay      (SCD):    1.436ns
    Clock Pessimism Removal (CPR):    0.249ns

    Location             Delay type                Incr(ns)  Path(ns)    Netlist Resource(s)
  -------------------------------------------------------------------    -------------------
                         (clock CLK_top rise edge)    0.000     0.000 r  
    W5                                                0.000     0.000 r  CLK_top (IN)
                         net (fo=0)                   0.000     0.000    CLK_top
    W5                   IBUF (Prop_ibuf_I_O)         0.226     0.226 r  CLK_top_IBUF_inst/O
                         net (fo=1, routed)           0.631     0.858    CLK_top_IBUF
    BUFGCTRL_X0Y0        BUFG (Prop_bufg_I_O)         0.026     0.884 r  CLK_top_IBUF_BUFG_inst/O
                         net (fo=542, routed)         0.553     1.436    userinterface_ofAll/CLK_top_IBUF_BUFG
    SLICE_X36Y22         FDRE                                         r  userinterface_ofAll/Si_i2c_trig_d_reg/C
  -------------------------------------------------------------------    -------------------
    SLICE_X36Y22         FDRE (Prop_fdre_C_Q)         0.141     1.577 r  userinterface_ofAll/Si_i2c_trig_d_reg/Q
                         net (fo=8, routed)           0.553     2.130    userinterface_ofAll/i2c_trig
    SLICE_X30Y24         LUT1 (Prop_lut1_I0_O)        0.045     2.175 f  userinterface_ofAll/FSM_onehot_state[8]_i_3/O
                         net (fo=125, routed)         0.168     2.343    oled_controller_top_mdl/i2c_master_ena_reg
    SLICE_X32Y24         FDCE                                         f  oled_controller_top_mdl/command_index_reg[4]/CLR
  -------------------------------------------------------------------    -------------------

                         (clock CLK_top rise edge)    0.000     0.000 r  
    W5                                                0.000     0.000 r  CLK_top (IN)
                         net (fo=0)                   0.000     0.000    CLK_top
    W5                   IBUF (Prop_ibuf_I_O)         0.414     0.414 r  CLK_top_IBUF_inst/O
                         net (fo=1, routed)           0.685     1.099    CLK_top_IBUF
    BUFGCTRL_X0Y0        BUFG (Prop_bufg_I_O)         0.029     1.128 r  CLK_top_IBUF_BUFG_inst/O
                         net (fo=542, routed)         0.816     1.943    oled_controller_top_mdl/CLK_top_IBUF_BUFG
    SLICE_X32Y24         FDCE                                         r  oled_controller_top_mdl/command_index_reg[4]/C
                         clock pessimism             -0.249     1.694    
    SLICE_X32Y24         FDCE (Remov_fdce_C_CLR)     -0.092     1.602    oled_controller_top_mdl/command_index_reg[4]
  -------------------------------------------------------------------
                         required time                         -1.602    
                         arrival time                           2.343    
  -------------------------------------------------------------------
                         slack                                  0.741    

Slack (MET) :             0.741ns  (arrival time - required time)
  Source:                 userinterface_ofAll/Si_i2c_trig_d_reg/C
                            (rising edge-triggered cell FDRE clocked by CLK_top  {rise@0.000ns fall@5.000ns period=10.000ns})
  Destination:            oled_controller_top_mdl/command_index_reg[6]/CLR
                            (removal check against rising-edge clock CLK_top  {rise@0.000ns fall@5.000ns period=10.000ns})
  Path Group:             **async_default**
  Path Type:              Removal (Min at Fast Process Corner)
  Requirement:            0.000ns  (CLK_top rise@0.000ns - CLK_top rise@0.000ns)
  Data Path Delay:        0.907ns  (logic 0.186ns (20.514%)  route 0.721ns (79.486%))
  Logic Levels:           1  (LUT1=1)
  Clock Path Skew:        0.258ns (DCD - SCD - CPR)
    Destination Clock Delay (DCD):    1.943ns
    Source Clock Delay      (SCD):    1.436ns
    Clock Pessimism Removal (CPR):    0.249ns

    Location             Delay type                Incr(ns)  Path(ns)    Netlist Resource(s)
  -------------------------------------------------------------------    -------------------
                         (clock CLK_top rise edge)    0.000     0.000 r  
    W5                                                0.000     0.000 r  CLK_top (IN)
                         net (fo=0)                   0.000     0.000    CLK_top
    W5                   IBUF (Prop_ibuf_I_O)         0.226     0.226 r  CLK_top_IBUF_inst/O
                         net (fo=1, routed)           0.631     0.858    CLK_top_IBUF
    BUFGCTRL_X0Y0        BUFG (Prop_bufg_I_O)         0.026     0.884 r  CLK_top_IBUF_BUFG_inst/O
                         net (fo=542, routed)         0.553     1.436    userinterface_ofAll/CLK_top_IBUF_BUFG
    SLICE_X36Y22         FDRE                                         r  userinterface_ofAll/Si_i2c_trig_d_reg/C
  -------------------------------------------------------------------    -------------------
    SLICE_X36Y22         FDRE (Prop_fdre_C_Q)         0.141     1.577 r  userinterface_ofAll/Si_i2c_trig_d_reg/Q
                         net (fo=8, routed)           0.553     2.130    userinterface_ofAll/i2c_trig
    SLICE_X30Y24         LUT1 (Prop_lut1_I0_O)        0.045     2.175 f  userinterface_ofAll/FSM_onehot_state[8]_i_3/O
                         net (fo=125, routed)         0.168     2.343    oled_controller_top_mdl/i2c_master_ena_reg
    SLICE_X32Y24         FDCE                                         f  oled_controller_top_mdl/command_index_reg[6]/CLR
  -------------------------------------------------------------------    -------------------

                         (clock CLK_top rise edge)    0.000     0.000 r  
    W5                                                0.000     0.000 r  CLK_top (IN)
                         net (fo=0)                   0.000     0.000    CLK_top
    W5                   IBUF (Prop_ibuf_I_O)         0.414     0.414 r  CLK_top_IBUF_inst/O
                         net (fo=1, routed)           0.685     1.099    CLK_top_IBUF
    BUFGCTRL_X0Y0        BUFG (Prop_bufg_I_O)         0.029     1.128 r  CLK_top_IBUF_BUFG_inst/O
                         net (fo=542, routed)         0.816     1.943    oled_controller_top_mdl/CLK_top_IBUF_BUFG
    SLICE_X32Y24         FDCE                                         r  oled_controller_top_mdl/command_index_reg[6]/C
                         clock pessimism             -0.249     1.694    
    SLICE_X32Y24         FDCE (Remov_fdce_C_CLR)     -0.092     1.602    oled_controller_top_mdl/command_index_reg[6]
  -------------------------------------------------------------------
                         required time                         -1.602    
                         arrival time                           2.343    
  -------------------------------------------------------------------
                         slack                                  0.741    

Slack (MET) :             0.748ns  (arrival time - required time)
  Source:                 userinterface_ofAll/Si_i2c_trig_d_reg/C
                            (rising edge-triggered cell FDRE clocked by CLK_top  {rise@0.000ns fall@5.000ns period=10.000ns})
  Destination:            oled_controller_top_mdl/i2c_sender_inst/FSM_sequential_current_state_reg[0]/CLR
                            (removal check against rising-edge clock CLK_top  {rise@0.000ns fall@5.000ns period=10.000ns})
  Path Group:             **async_default**
  Path Type:              Removal (Min at Fast Process Corner)
  Requirement:            0.000ns  (CLK_top rise@0.000ns - CLK_top rise@0.000ns)
  Data Path Delay:        0.915ns  (logic 0.186ns (20.330%)  route 0.729ns (79.670%))
  Logic Levels:           1  (LUT1=1)
  Clock Path Skew:        0.259ns (DCD - SCD - CPR)
    Destination Clock Delay (DCD):    1.944ns
    Source Clock Delay      (SCD):    1.436ns
    Clock Pessimism Removal (CPR):    0.249ns

    Location             Delay type                Incr(ns)  Path(ns)    Netlist Resource(s)
  -------------------------------------------------------------------    -------------------
                         (clock CLK_top rise edge)    0.000     0.000 r  
    W5                                                0.000     0.000 r  CLK_top (IN)
                         net (fo=0)                   0.000     0.000    CLK_top
    W5                   IBUF (Prop_ibuf_I_O)         0.226     0.226 r  CLK_top_IBUF_inst/O
                         net (fo=1, routed)           0.631     0.858    CLK_top_IBUF
    BUFGCTRL_X0Y0        BUFG (Prop_bufg_I_O)         0.026     0.884 r  CLK_top_IBUF_BUFG_inst/O
                         net (fo=542, routed)         0.553     1.436    userinterface_ofAll/CLK_top_IBUF_BUFG
    SLICE_X36Y22         FDRE                                         r  userinterface_ofAll/Si_i2c_trig_d_reg/C
  -------------------------------------------------------------------    -------------------
    SLICE_X36Y22         FDRE (Prop_fdre_C_Q)         0.141     1.577 r  userinterface_ofAll/Si_i2c_trig_d_reg/Q
                         net (fo=8, routed)           0.553     2.130    userinterface_ofAll/i2c_trig
    SLICE_X30Y24         LUT1 (Prop_lut1_I0_O)        0.045     2.175 f  userinterface_ofAll/FSM_onehot_state[8]_i_3/O
                         net (fo=125, routed)         0.176     2.351    oled_controller_top_mdl/i2c_sender_inst/i2c_master_ena_reg_1
    SLICE_X29Y24         FDCE                                         f  oled_controller_top_mdl/i2c_sender_inst/FSM_sequential_current_state_reg[0]/CLR
  -------------------------------------------------------------------    -------------------

                         (clock CLK_top rise edge)    0.000     0.000 r  
    W5                                                0.000     0.000 r  CLK_top (IN)
                         net (fo=0)                   0.000     0.000    CLK_top
    W5                   IBUF (Prop_ibuf_I_O)         0.414     0.414 r  CLK_top_IBUF_inst/O
                         net (fo=1, routed)           0.685     1.099    CLK_top_IBUF
    BUFGCTRL_X0Y0        BUFG (Prop_bufg_I_O)         0.029     1.128 r  CLK_top_IBUF_BUFG_inst/O
                         net (fo=542, routed)         0.817     1.944    oled_controller_top_mdl/i2c_sender_inst/CLK_top_IBUF_BUFG
    SLICE_X29Y24         FDCE                                         r  oled_controller_top_mdl/i2c_sender_inst/FSM_sequential_current_state_reg[0]/C
                         clock pessimism             -0.249     1.695    
    SLICE_X29Y24         FDCE (Remov_fdce_C_CLR)     -0.092     1.603    oled_controller_top_mdl/i2c_sender_inst/FSM_sequential_current_state_reg[0]
  -------------------------------------------------------------------
                         required time                         -1.603    
                         arrival time                           2.351    
  -------------------------------------------------------------------
                         slack                                  0.748    

Slack (MET) :             0.748ns  (arrival time - required time)
  Source:                 userinterface_ofAll/Si_i2c_trig_d_reg/C
                            (rising edge-triggered cell FDRE clocked by CLK_top  {rise@0.000ns fall@5.000ns period=10.000ns})
  Destination:            oled_controller_top_mdl/i2c_sender_inst/FSM_sequential_current_state_reg[1]/CLR
                            (removal check against rising-edge clock CLK_top  {rise@0.000ns fall@5.000ns period=10.000ns})
  Path Group:             **async_default**
  Path Type:              Removal (Min at Fast Process Corner)
  Requirement:            0.000ns  (CLK_top rise@0.000ns - CLK_top rise@0.000ns)
  Data Path Delay:        0.915ns  (logic 0.186ns (20.330%)  route 0.729ns (79.670%))
  Logic Levels:           1  (LUT1=1)
  Clock Path Skew:        0.259ns (DCD - SCD - CPR)
    Destination Clock Delay (DCD):    1.944ns
    Source Clock Delay      (SCD):    1.436ns
    Clock Pessimism Removal (CPR):    0.249ns

    Location             Delay type                Incr(ns)  Path(ns)    Netlist Resource(s)
  -------------------------------------------------------------------    -------------------
                         (clock CLK_top rise edge)    0.000     0.000 r  
    W5                                                0.000     0.000 r  CLK_top (IN)
                         net (fo=0)                   0.000     0.000    CLK_top
    W5                   IBUF (Prop_ibuf_I_O)         0.226     0.226 r  CLK_top_IBUF_inst/O
                         net (fo=1, routed)           0.631     0.858    CLK_top_IBUF
    BUFGCTRL_X0Y0        BUFG (Prop_bufg_I_O)         0.026     0.884 r  CLK_top_IBUF_BUFG_inst/O
                         net (fo=542, routed)         0.553     1.436    userinterface_ofAll/CLK_top_IBUF_BUFG
    SLICE_X36Y22         FDRE                                         r  userinterface_ofAll/Si_i2c_trig_d_reg/C
  -------------------------------------------------------------------    -------------------
    SLICE_X36Y22         FDRE (Prop_fdre_C_Q)         0.141     1.577 r  userinterface_ofAll/Si_i2c_trig_d_reg/Q
                         net (fo=8, routed)           0.553     2.130    userinterface_ofAll/i2c_trig
    SLICE_X30Y24         LUT1 (Prop_lut1_I0_O)        0.045     2.175 f  userinterface_ofAll/FSM_onehot_state[8]_i_3/O
                         net (fo=125, routed)         0.176     2.351    oled_controller_top_mdl/i2c_sender_inst/i2c_master_ena_reg_1
    SLICE_X29Y24         FDCE                                         f  oled_controller_top_mdl/i2c_sender_inst/FSM_sequential_current_state_reg[1]/CLR
  -------------------------------------------------------------------    -------------------

                         (clock CLK_top rise edge)    0.000     0.000 r  
    W5                                                0.000     0.000 r  CLK_top (IN)
                         net (fo=0)                   0.000     0.000    CLK_top
    W5                   IBUF (Prop_ibuf_I_O)         0.414     0.414 r  CLK_top_IBUF_inst/O
                         net (fo=1, routed)           0.685     1.099    CLK_top_IBUF
    BUFGCTRL_X0Y0        BUFG (Prop_bufg_I_O)         0.029     1.128 r  CLK_top_IBUF_BUFG_inst/O
                         net (fo=542, routed)         0.817     1.944    oled_controller_top_mdl/i2c_sender_inst/CLK_top_IBUF_BUFG
    SLICE_X29Y24         FDCE                                         r  oled_controller_top_mdl/i2c_sender_inst/FSM_sequential_current_state_reg[1]/C
                         clock pessimism             -0.249     1.695    
    SLICE_X29Y24         FDCE (Remov_fdce_C_CLR)     -0.092     1.603    oled_controller_top_mdl/i2c_sender_inst/FSM_sequential_current_state_reg[1]
  -------------------------------------------------------------------
                         required time                         -1.603    
                         arrival time                           2.351    
  -------------------------------------------------------------------
                         slack                                  0.748    

Slack (MET) :             0.748ns  (arrival time - required time)
  Source:                 userinterface_ofAll/Si_i2c_trig_d_reg/C
                            (rising edge-triggered cell FDRE clocked by CLK_top  {rise@0.000ns fall@5.000ns period=10.000ns})
  Destination:            oled_controller_top_mdl/i2c_sender_inst/FSM_sequential_current_state_reg[2]/CLR
                            (removal check against rising-edge clock CLK_top  {rise@0.000ns fall@5.000ns period=10.000ns})
  Path Group:             **async_default**
  Path Type:              Removal (Min at Fast Process Corner)
  Requirement:            0.000ns  (CLK_top rise@0.000ns - CLK_top rise@0.000ns)
  Data Path Delay:        0.915ns  (logic 0.186ns (20.330%)  route 0.729ns (79.670%))
  Logic Levels:           1  (LUT1=1)
  Clock Path Skew:        0.259ns (DCD - SCD - CPR)
    Destination Clock Delay (DCD):    1.944ns
    Source Clock Delay      (SCD):    1.436ns
    Clock Pessimism Removal (CPR):    0.249ns

    Location             Delay type                Incr(ns)  Path(ns)    Netlist Resource(s)
  -------------------------------------------------------------------    -------------------
                         (clock CLK_top rise edge)    0.000     0.000 r  
    W5                                                0.000     0.000 r  CLK_top (IN)
                         net (fo=0)                   0.000     0.000    CLK_top
    W5                   IBUF (Prop_ibuf_I_O)         0.226     0.226 r  CLK_top_IBUF_inst/O
                         net (fo=1, routed)           0.631     0.858    CLK_top_IBUF
    BUFGCTRL_X0Y0        BUFG (Prop_bufg_I_O)         0.026     0.884 r  CLK_top_IBUF_BUFG_inst/O
                         net (fo=542, routed)         0.553     1.436    userinterface_ofAll/CLK_top_IBUF_BUFG
    SLICE_X36Y22         FDRE                                         r  userinterface_ofAll/Si_i2c_trig_d_reg/C
  -------------------------------------------------------------------    -------------------
    SLICE_X36Y22         FDRE (Prop_fdre_C_Q)         0.141     1.577 r  userinterface_ofAll/Si_i2c_trig_d_reg/Q
                         net (fo=8, routed)           0.553     2.130    userinterface_ofAll/i2c_trig
    SLICE_X30Y24         LUT1 (Prop_lut1_I0_O)        0.045     2.175 f  userinterface_ofAll/FSM_onehot_state[8]_i_3/O
                         net (fo=125, routed)         0.176     2.351    oled_controller_top_mdl/i2c_sender_inst/i2c_master_ena_reg_1
    SLICE_X29Y24         FDCE                                         f  oled_controller_top_mdl/i2c_sender_inst/FSM_sequential_current_state_reg[2]/CLR
  -------------------------------------------------------------------    -------------------

                         (clock CLK_top rise edge)    0.000     0.000 r  
    W5                                                0.000     0.000 r  CLK_top (IN)
                         net (fo=0)                   0.000     0.000    CLK_top
    W5                   IBUF (Prop_ibuf_I_O)         0.414     0.414 r  CLK_top_IBUF_inst/O
                         net (fo=1, routed)           0.685     1.099    CLK_top_IBUF
    BUFGCTRL_X0Y0        BUFG (Prop_bufg_I_O)         0.029     1.128 r  CLK_top_IBUF_BUFG_inst/O
                         net (fo=542, routed)         0.817     1.944    oled_controller_top_mdl/i2c_sender_inst/CLK_top_IBUF_BUFG
    SLICE_X29Y24         FDCE                                         r  oled_controller_top_mdl/i2c_sender_inst/FSM_sequential_current_state_reg[2]/C
                         clock pessimism             -0.249     1.695    
    SLICE_X29Y24         FDCE (Remov_fdce_C_CLR)     -0.092     1.603    oled_controller_top_mdl/i2c_sender_inst/FSM_sequential_current_state_reg[2]
  -------------------------------------------------------------------
                         required time                         -1.603    
                         arrival time                           2.351    
  -------------------------------------------------------------------
                         slack                                  0.748    

Slack (MET) :             0.748ns  (arrival time - required time)
  Source:                 userinterface_ofAll/Si_i2c_trig_d_reg/C
                            (rising edge-triggered cell FDRE clocked by CLK_top  {rise@0.000ns fall@5.000ns period=10.000ns})
  Destination:            oled_controller_top_mdl/i2c_sender_inst/i2c_master_ena_reg/CLR
                            (removal check against rising-edge clock CLK_top  {rise@0.000ns fall@5.000ns period=10.000ns})
  Path Group:             **async_default**
  Path Type:              Removal (Min at Fast Process Corner)
  Requirement:            0.000ns  (CLK_top rise@0.000ns - CLK_top rise@0.000ns)
  Data Path Delay:        0.915ns  (logic 0.186ns (20.330%)  route 0.729ns (79.670%))
  Logic Levels:           1  (LUT1=1)
  Clock Path Skew:        0.259ns (DCD - SCD - CPR)
    Destination Clock Delay (DCD):    1.944ns
    Source Clock Delay      (SCD):    1.436ns
    Clock Pessimism Removal (CPR):    0.249ns

    Location             Delay type                Incr(ns)  Path(ns)    Netlist Resource(s)
  -------------------------------------------------------------------    -------------------
                         (clock CLK_top rise edge)    0.000     0.000 r  
    W5                                                0.000     0.000 r  CLK_top (IN)
                         net (fo=0)                   0.000     0.000    CLK_top
    W5                   IBUF (Prop_ibuf_I_O)         0.226     0.226 r  CLK_top_IBUF_inst/O
                         net (fo=1, routed)           0.631     0.858    CLK_top_IBUF
    BUFGCTRL_X0Y0        BUFG (Prop_bufg_I_O)         0.026     0.884 r  CLK_top_IBUF_BUFG_inst/O
                         net (fo=542, routed)         0.553     1.436    userinterface_ofAll/CLK_top_IBUF_BUFG
    SLICE_X36Y22         FDRE                                         r  userinterface_ofAll/Si_i2c_trig_d_reg/C
  -------------------------------------------------------------------    -------------------
    SLICE_X36Y22         FDRE (Prop_fdre_C_Q)         0.141     1.577 r  userinterface_ofAll/Si_i2c_trig_d_reg/Q
                         net (fo=8, routed)           0.553     2.130    userinterface_ofAll/i2c_trig
    SLICE_X30Y24         LUT1 (Prop_lut1_I0_O)        0.045     2.175 f  userinterface_ofAll/FSM_onehot_state[8]_i_3/O
                         net (fo=125, routed)         0.176     2.351    oled_controller_top_mdl/i2c_sender_inst/i2c_master_ena_reg_1
    SLICE_X29Y24         FDCE                                         f  oled_controller_top_mdl/i2c_sender_inst/i2c_master_ena_reg/CLR
  -------------------------------------------------------------------    -------------------

                         (clock CLK_top rise edge)    0.000     0.000 r  
    W5                                                0.000     0.000 r  CLK_top (IN)
                         net (fo=0)                   0.000     0.000    CLK_top
    W5                   IBUF (Prop_ibuf_I_O)         0.414     0.414 r  CLK_top_IBUF_inst/O
                         net (fo=1, routed)           0.685     1.099    CLK_top_IBUF
    BUFGCTRL_X0Y0        BUFG (Prop_bufg_I_O)         0.029     1.128 r  CLK_top_IBUF_BUFG_inst/O
                         net (fo=542, routed)         0.817     1.944    oled_controller_top_mdl/i2c_sender_inst/CLK_top_IBUF_BUFG
    SLICE_X29Y24         FDCE                                         r  oled_controller_top_mdl/i2c_sender_inst/i2c_master_ena_reg/C
                         clock pessimism             -0.249     1.695    
    SLICE_X29Y24         FDCE (Remov_fdce_C_CLR)     -0.092     1.603    oled_controller_top_mdl/i2c_sender_inst/i2c_master_ena_reg
  -------------------------------------------------------------------
                         required time                         -1.603    
                         arrival time                           2.351    
  -------------------------------------------------------------------
                         slack                                  0.748    

Slack (MET) :             0.752ns  (arrival time - required time)
  Source:                 userinterface_ofAll/Si_i2c_trig_d_reg/C
                            (rising edge-triggered cell FDRE clocked by CLK_top  {rise@0.000ns fall@5.000ns period=10.000ns})
  Destination:            oled_controller_top_mdl/i2c_master_inst/ack_error_reg/CLR
                            (removal check against rising-edge clock CLK_top  {rise@0.000ns fall@5.000ns period=10.000ns})
  Path Group:             **async_default**
  Path Type:              Removal (Min at Fast Process Corner)
  Requirement:            0.000ns  (CLK_top rise@0.000ns - CLK_top rise@0.000ns)
  Data Path Delay:        0.919ns  (logic 0.186ns (20.234%)  route 0.733ns (79.766%))
  Logic Levels:           1  (LUT1=1)
  Clock Path Skew:        0.259ns (DCD - SCD - CPR)
    Destination Clock Delay (DCD):    1.944ns
    Source Clock Delay      (SCD):    1.436ns
    Clock Pessimism Removal (CPR):    0.249ns

    Location             Delay type                Incr(ns)  Path(ns)    Netlist Resource(s)
  -------------------------------------------------------------------    -------------------
                         (clock CLK_top rise edge)    0.000     0.000 r  
    W5                                                0.000     0.000 r  CLK_top (IN)
                         net (fo=0)                   0.000     0.000    CLK_top
    W5                   IBUF (Prop_ibuf_I_O)         0.226     0.226 r  CLK_top_IBUF_inst/O
                         net (fo=1, routed)           0.631     0.858    CLK_top_IBUF
    BUFGCTRL_X0Y0        BUFG (Prop_bufg_I_O)         0.026     0.884 r  CLK_top_IBUF_BUFG_inst/O
                         net (fo=542, routed)         0.553     1.436    userinterface_ofAll/CLK_top_IBUF_BUFG
    SLICE_X36Y22         FDRE                                         r  userinterface_ofAll/Si_i2c_trig_d_reg/C
  -------------------------------------------------------------------    -------------------
    SLICE_X36Y22         FDRE (Prop_fdre_C_Q)         0.141     1.577 r  userinterface_ofAll/Si_i2c_trig_d_reg/Q
                         net (fo=8, routed)           0.553     2.130    userinterface_ofAll/i2c_trig
    SLICE_X30Y24         LUT1 (Prop_lut1_I0_O)        0.045     2.175 f  userinterface_ofAll/FSM_onehot_state[8]_i_3/O
                         net (fo=125, routed)         0.180     2.355    oled_controller_top_mdl/i2c_master_inst/ack_error_reg_0
    SLICE_X28Y24         FDCE                                         f  oled_controller_top_mdl/i2c_master_inst/ack_error_reg/CLR
  -------------------------------------------------------------------    -------------------

                         (clock CLK_top rise edge)    0.000     0.000 r  
    W5                                                0.000     0.000 r  CLK_top (IN)
                         net (fo=0)                   0.000     0.000    CLK_top
    W5                   IBUF (Prop_ibuf_I_O)         0.414     0.414 r  CLK_top_IBUF_inst/O
                         net (fo=1, routed)           0.685     1.099    CLK_top_IBUF
    BUFGCTRL_X0Y0        BUFG (Prop_bufg_I_O)         0.029     1.128 r  CLK_top_IBUF_BUFG_inst/O
                         net (fo=542, routed)         0.817     1.944    oled_controller_top_mdl/i2c_master_inst/CLK_top_IBUF_BUFG
    SLICE_X28Y24         FDCE                                         r  oled_controller_top_mdl/i2c_master_inst/ack_error_reg/C
                         clock pessimism             -0.249     1.695    
    SLICE_X28Y24         FDCE (Remov_fdce_C_CLR)     -0.092     1.603    oled_controller_top_mdl/i2c_master_inst/ack_error_reg
  -------------------------------------------------------------------
                         required time                         -1.603    
                         arrival time                           2.355    
  -------------------------------------------------------------------
                         slack                                  0.752    

Slack (MET) :             0.752ns  (arrival time - required time)
  Source:                 userinterface_ofAll/Si_i2c_trig_d_reg/C
                            (rising edge-triggered cell FDRE clocked by CLK_top  {rise@0.000ns fall@5.000ns period=10.000ns})
  Destination:            oled_controller_top_mdl/i2c_master_inst/scl_ena_reg/CLR
                            (removal check against rising-edge clock CLK_top  {rise@0.000ns fall@5.000ns period=10.000ns})
  Path Group:             **async_default**
  Path Type:              Removal (Min at Fast Process Corner)
  Requirement:            0.000ns  (CLK_top rise@0.000ns - CLK_top rise@0.000ns)
  Data Path Delay:        0.919ns  (logic 0.186ns (20.234%)  route 0.733ns (79.766%))
  Logic Levels:           1  (LUT1=1)
  Clock Path Skew:        0.259ns (DCD - SCD - CPR)
    Destination Clock Delay (DCD):    1.944ns
    Source Clock Delay      (SCD):    1.436ns
    Clock Pessimism Removal (CPR):    0.249ns

    Location             Delay type                Incr(ns)  Path(ns)    Netlist Resource(s)
  -------------------------------------------------------------------    -------------------
                         (clock CLK_top rise edge)    0.000     0.000 r  
    W5                                                0.000     0.000 r  CLK_top (IN)
                         net (fo=0)                   0.000     0.000    CLK_top
    W5                   IBUF (Prop_ibuf_I_O)         0.226     0.226 r  CLK_top_IBUF_inst/O
                         net (fo=1, routed)           0.631     0.858    CLK_top_IBUF
    BUFGCTRL_X0Y0        BUFG (Prop_bufg_I_O)         0.026     0.884 r  CLK_top_IBUF_BUFG_inst/O
                         net (fo=542, routed)         0.553     1.436    userinterface_ofAll/CLK_top_IBUF_BUFG
    SLICE_X36Y22         FDRE                                         r  userinterface_ofAll/Si_i2c_trig_d_reg/C
  -------------------------------------------------------------------    -------------------
    SLICE_X36Y22         FDRE (Prop_fdre_C_Q)         0.141     1.577 r  userinterface_ofAll/Si_i2c_trig_d_reg/Q
                         net (fo=8, routed)           0.553     2.130    userinterface_ofAll/i2c_trig
    SLICE_X30Y24         LUT1 (Prop_lut1_I0_O)        0.045     2.175 f  userinterface_ofAll/FSM_onehot_state[8]_i_3/O
                         net (fo=125, routed)         0.180     2.355    oled_controller_top_mdl/i2c_master_inst/ack_error_reg_0
    SLICE_X28Y24         FDCE                                         f  oled_controller_top_mdl/i2c_master_inst/scl_ena_reg/CLR
  -------------------------------------------------------------------    -------------------

                         (clock CLK_top rise edge)    0.000     0.000 r  
    W5                                                0.000     0.000 r  CLK_top (IN)
                         net (fo=0)                   0.000     0.000    CLK_top
    W5                   IBUF (Prop_ibuf_I_O)         0.414     0.414 r  CLK_top_IBUF_inst/O
                         net (fo=1, routed)           0.685     1.099    CLK_top_IBUF
    BUFGCTRL_X0Y0        BUFG (Prop_bufg_I_O)         0.029     1.128 r  CLK_top_IBUF_BUFG_inst/O
                         net (fo=542, routed)         0.817     1.944    oled_controller_top_mdl/i2c_master_inst/CLK_top_IBUF_BUFG
    SLICE_X28Y24         FDCE                                         r  oled_controller_top_mdl/i2c_master_inst/scl_ena_reg/C
                         clock pessimism             -0.249     1.695    
    SLICE_X28Y24         FDCE (Remov_fdce_C_CLR)     -0.092     1.603    oled_controller_top_mdl/i2c_master_inst/scl_ena_reg
  -------------------------------------------------------------------
                         required time                         -1.603    
                         arrival time                           2.355    
  -------------------------------------------------------------------
                         slack                                  0.752    





