Copyright 1986-2020 Xilinx, Inc. All Rights Reserved.
-----------------------------------------------------------------------------------------------------------------------------------------------------------------------------------------------------------
| Tool Version : Vivado v.2020.1 (win64) Build 2902540 Wed May 27 19:54:49 MDT 2020
| Date         : Sun Mar  9 16:22:07 2025
| Host         : Arif running 64-bit major release  (build 9200)
| Command      : report_timing_summary -max_paths 10 -file t02_Word_top_timing_summary_routed.rpt -pb t02_Word_top_timing_summary_routed.pb -rpx t02_Word_top_timing_summary_routed.rpx -warn_on_violation
| Design       : t02_Word_top
| Device       : 7a35t-cpg236
| Speed File   : -1  PRODUCTION 1.23 2018-06-13
-----------------------------------------------------------------------------------------------------------------------------------------------------------------------------------------------------------

Timing Summary Report

------------------------------------------------------------------------------------------------
| Timer Settings
| --------------
------------------------------------------------------------------------------------------------

  Enable Multi Corner Analysis               :  Yes
  Enable Pessimism Removal                   :  Yes
  Pessimism Removal Resolution               :  Nearest Common Node
  Enable Input Delay Default Clock           :  No
  Enable Preset / Clear Arcs                 :  No
  Disable Flight Delays                      :  No
  Ignore I/O Paths                           :  No
  Timing Early Launch at Borrowing Latches   :  No
  Borrow Time for Max Delay Exceptions       :  Yes
  Merge Timing Exceptions                    :  Yes

  Corner  Analyze    Analyze    
  Name    Max Paths  Min Paths  
  ------  ---------  ---------  
  Slow    Yes        Yes        
  Fast    Yes        Yes        



check_timing report

Table of Contents
-----------------
1. checking no_clock (384)
2. checking constant_clock (0)
3. checking pulse_width_clock (0)
4. checking unconstrained_internal_endpoints (832)
5. checking no_input_delay (21)
6. checking no_output_delay (28)
7. checking multiple_clock (0)
8. checking generated_clocks (0)
9. checking loops (0)
10. checking partial_input_delay (0)
11. checking partial_output_delay (0)
12. checking latch_loops (0)

1. checking no_clock (384)
--------------------------
 There are 42 register/latch pins with no clock driven by root clock pin: PC/current_pc_reg[0]/Q (HIGH)

 There are 42 register/latch pins with no clock driven by root clock pin: PC/current_pc_reg[1]/Q (HIGH)

 There are 56 register/latch pins with no clock driven by root clock pin: PC/current_pc_reg[3]/Q (HIGH)

 There are 56 register/latch pins with no clock driven by root clock pin: PC/current_pc_reg[4]/Q (HIGH)

 There is 1 register/latch pin with no clock driven by root clock pin: debounce_ofAll/input_circle_status_reg[17]/Q (HIGH)

 There is 1 register/latch pin with no clock driven by root clock pin: debounce_ofAll/input_circle_status_reg[18]/Q (HIGH)

 There are 3 register/latch pins with no clock driven by root clock pin: debounce_ofAll/input_circle_status_reg[20]/Q (HIGH)

 There are 128 register/latch pins with no clock driven by root clock pin: userinterface_ofAll/S_CLK_interf_reg/Q (HIGH)

 There are 55 register/latch pins with no clock driven by root clock pin: userinterface_ofAll/S_RST_interf_reg/Q (HIGH)


2. checking constant_clock (0)
------------------------------
 There are 0 register/latch pins with constant_clock.


3. checking pulse_width_clock (0)
---------------------------------
 There are 0 register/latch pins which need pulse_width check


4. checking unconstrained_internal_endpoints (832)
--------------------------------------------------
 There are 822 pins that are not constrained for maximum delay. (HIGH)

 There are 10 pins that are not constrained for maximum delay due to constant clock. (MEDIUM)


5. checking no_input_delay (21)
-------------------------------
 There are 21 input ports with no input delay specified. (HIGH)

 There are 0 input ports with no input delay but user has a false path constraint.


6. checking no_output_delay (28)
--------------------------------
 There are 28 ports with no output delay specified. (HIGH)

 There are 0 ports with no output delay but user has a false path constraint

 There are 0 ports with no output delay but with a timing clock defined on it or propagating through it


7. checking multiple_clock (0)
------------------------------
 There are 0 register/latch pins with multiple clocks.


8. checking generated_clocks (0)
--------------------------------
 There are 0 generated clocks that are not connected to a clock source.


9. checking loops (0)
---------------------
 There are 0 combinational loops in the design.


10. checking partial_input_delay (0)
------------------------------------
 There are 0 input ports with partial input delay specified.


11. checking partial_output_delay (0)
-------------------------------------
 There are 0 ports with partial output delay specified.


12. checking latch_loops (0)
----------------------------
 There are 0 combinational latch loops in the design through latch input



------------------------------------------------------------------------------------------------
| Design Timing Summary
| ---------------------
------------------------------------------------------------------------------------------------

    WNS(ns)      TNS(ns)  TNS Failing Endpoints  TNS Total Endpoints      WHS(ns)      THS(ns)  THS Failing Endpoints  THS Total Endpoints     WPWS(ns)     TPWS(ns)  TPWS Failing Endpoints  TPWS Total Endpoints  
    -------      -------  ---------------------  -------------------      -------      -------  ---------------------  -------------------     --------     --------  ----------------------  --------------------  
      2.425        0.000                      0                  141        0.251        0.000                      0                  141        4.500        0.000                       0                    78  


All user specified timing constraints are met.


------------------------------------------------------------------------------------------------
| Clock Summary
| -------------
------------------------------------------------------------------------------------------------

Clock    Waveform(ns)       Period(ns)      Frequency(MHz)
-----    ------------       ----------      --------------
CLK_top  {0.000 5.000}      10.000          100.000         


------------------------------------------------------------------------------------------------
| Intra Clock Table
| -----------------
------------------------------------------------------------------------------------------------

Clock             WNS(ns)      TNS(ns)  TNS Failing Endpoints  TNS Total Endpoints      WHS(ns)      THS(ns)  THS Failing Endpoints  THS Total Endpoints     WPWS(ns)     TPWS(ns)  TPWS Failing Endpoints  TPWS Total Endpoints  
-----             -------      -------  ---------------------  -------------------      -------      -------  ---------------------  -------------------     --------     --------  ----------------------  --------------------  
CLK_top             2.425        0.000                      0                  141        0.251        0.000                      0                  141        4.500        0.000                       0                    78  


------------------------------------------------------------------------------------------------
| Inter Clock Table
| -----------------
------------------------------------------------------------------------------------------------

From Clock    To Clock          WNS(ns)      TNS(ns)  TNS Failing Endpoints  TNS Total Endpoints      WHS(ns)      THS(ns)  THS Failing Endpoints  THS Total Endpoints  
----------    --------          -------      -------  ---------------------  -------------------      -------      -------  ---------------------  -------------------  


------------------------------------------------------------------------------------------------
| Other Path Groups Table
| -----------------------
------------------------------------------------------------------------------------------------

Path Group    From Clock    To Clock          WNS(ns)      TNS(ns)  TNS Failing Endpoints  TNS Total Endpoints      WHS(ns)      THS(ns)  THS Failing Endpoints  THS Total Endpoints  
----------    ----------    --------          -------      -------  ---------------------  -------------------      -------      -------  ---------------------  -------------------  


------------------------------------------------------------------------------------------------
| Timing Details
| --------------
------------------------------------------------------------------------------------------------


---------------------------------------------------------------------------------------------------
From Clock:  CLK_top
  To Clock:  CLK_top

Setup :            0  Failing Endpoints,  Worst Slack        2.425ns,  Total Violation        0.000ns
Hold  :            0  Failing Endpoints,  Worst Slack        0.251ns,  Total Violation        0.000ns
PW    :            0  Failing Endpoints,  Worst Slack        4.500ns,  Total Violation        0.000ns
---------------------------------------------------------------------------------------------------


Max Delay Paths
--------------------------------------------------------------------------------------
Slack (MET) :             2.425ns  (required time - arrival time)
  Source:                 debounce_ofAll/input_circle_status_reg[5]/C
                            (rising edge-triggered cell FDRE clocked by CLK_top  {rise@0.000ns fall@5.000ns period=10.000ns})
  Destination:            segment_ofAll/SEGMENT7_top_reg[3]/D
                            (rising edge-triggered cell FDRE clocked by CLK_top  {rise@0.000ns fall@5.000ns period=10.000ns})
  Path Group:             CLK_top
  Path Type:              Setup (Max at Slow Process Corner)
  Requirement:            10.000ns  (CLK_top rise@10.000ns - CLK_top rise@0.000ns)
  Data Path Delay:        7.551ns  (logic 2.155ns (28.541%)  route 5.396ns (71.459%))
  Logic Levels:           8  (LUT4=2 LUT5=1 LUT6=3 MUXF7=1 MUXF8=1)
  Clock Path Skew:        -0.102ns (DCD - SCD + CPR)
    Destination Clock Delay (DCD):    4.790ns = ( 14.790 - 10.000 ) 
    Source Clock Delay      (SCD):    5.072ns
    Clock Pessimism Removal (CPR):    0.180ns
  Clock Uncertainty:      0.035ns  ((TSJ^2 + TIJ^2)^1/2 + DJ) / 2 + PE
    Total System Jitter     (TSJ):    0.071ns
    Total Input Jitter      (TIJ):    0.000ns
    Discrete Jitter          (DJ):    0.000ns
    Phase Error              (PE):    0.000ns

    Location             Delay type                Incr(ns)  Path(ns)    Netlist Resource(s)
  -------------------------------------------------------------------    -------------------
                         (clock CLK_top rise edge)    0.000     0.000 r  
    W5                                                0.000     0.000 r  CLK_top (IN)
                         net (fo=0)                   0.000     0.000    CLK_top
    W5                   IBUF (Prop_ibuf_I_O)         1.458     1.458 r  CLK_top_IBUF_inst/O
                         net (fo=1, routed)           1.967     3.425    CLK_top_IBUF
    BUFGCTRL_X0Y2        BUFG (Prop_bufg_I_O)         0.096     3.521 r  CLK_top_IBUF_BUFG_inst/O
                         net (fo=77, routed)          1.551     5.072    debounce_ofAll/CLK_top_IBUF_BUFG
    SLICE_X42Y61         FDRE                                         r  debounce_ofAll/input_circle_status_reg[5]/C
  -------------------------------------------------------------------    -------------------
    SLICE_X42Y61         FDRE (Prop_fdre_C_Q)         0.478     5.550 f  debounce_ofAll/input_circle_status_reg[5]/Q
                         net (fo=17, routed)          0.890     6.440    debounce_ofAll/input_circle_status_reg_n_1_[5]
    SLICE_X42Y60         LUT4 (Prop_lut4_I2_O)        0.321     6.761 f  debounce_ofAll/LED_top_OBUF[15]_inst_i_14/O
                         net (fo=26, routed)          1.094     7.856    debounce_ofAll/LED_top_OBUF[15]_inst_i_14_n_1
    SLICE_X37Y57         LUT5 (Prop_lut5_I1_O)        0.356     8.212 f  debounce_ofAll/LED_top_OBUF[15]_inst_i_39/O
                         net (fo=10, routed)          0.908     9.120    debounce_ofAll/LED_top_OBUF[15]_inst_i_39_n_1
    SLICE_X38Y62         LUT6 (Prop_lut6_I0_O)        0.326     9.446 f  debounce_ofAll/LED_top_OBUF[14]_inst_i_13/O
                         net (fo=1, routed)           0.590    10.036    debounce_ofAll/LED_top_OBUF[14]_inst_i_13_n_1
    SLICE_X38Y61         LUT6 (Prop_lut6_I4_O)        0.124    10.160 f  debounce_ofAll/LED_top_OBUF[14]_inst_i_4/O
                         net (fo=1, routed)           0.449    10.609    debounce_ofAll/LED_top_OBUF[14]_inst_i_4_n_1
    SLICE_X34Y61         LUT6 (Prop_lut6_I4_O)        0.124    10.733 r  debounce_ofAll/LED_top_OBUF[14]_inst_i_1/O
                         net (fo=8, routed)           1.463    12.196    debounce_ofAll/LED_top_OBUF[14]
    SLICE_X46Y49         LUT4 (Prop_lut4_I2_O)        0.124    12.320 r  debounce_ofAll/SEGMENT7_top[3]_i_7/O
                         net (fo=1, routed)           0.000    12.320    debounce_ofAll/SEGMENT7_top[3]_i_7_n_1
    SLICE_X46Y49         MUXF7 (Prop_muxf7_I1_O)      0.214    12.534 r  debounce_ofAll/SEGMENT7_top_reg[3]_i_3/O
                         net (fo=1, routed)           0.000    12.534    debounce_ofAll/SEGMENT7_top_reg[3]_i_3_n_1
    SLICE_X46Y49         MUXF8 (Prop_muxf8_I1_O)      0.088    12.622 r  debounce_ofAll/SEGMENT7_top_reg[3]_i_1/O
                         net (fo=1, routed)           0.000    12.622    segment_ofAll/D[2]
    SLICE_X46Y49         FDRE                                         r  segment_ofAll/SEGMENT7_top_reg[3]/D
  -------------------------------------------------------------------    -------------------

                         (clock CLK_top rise edge)   10.000    10.000 r  
    W5                                                0.000    10.000 r  CLK_top (IN)
                         net (fo=0)                   0.000    10.000    CLK_top
    W5                   IBUF (Prop_ibuf_I_O)         1.388    11.388 r  CLK_top_IBUF_inst/O
                         net (fo=1, routed)           1.862    13.250    CLK_top_IBUF
    BUFGCTRL_X0Y2        BUFG (Prop_bufg_I_O)         0.091    13.341 r  CLK_top_IBUF_BUFG_inst/O
                         net (fo=77, routed)          1.449    14.790    segment_ofAll/CLK_top_IBUF_BUFG
    SLICE_X46Y49         FDRE                                         r  segment_ofAll/SEGMENT7_top_reg[3]/C
                         clock pessimism              0.180    14.970    
                         clock uncertainty           -0.035    14.935    
    SLICE_X46Y49         FDRE (Setup_fdre_C_D)        0.113    15.048    segment_ofAll/SEGMENT7_top_reg[3]
  -------------------------------------------------------------------
                         required time                         15.048    
                         arrival time                         -12.623    
  -------------------------------------------------------------------
                         slack                                  2.425    

Slack (MET) :             2.482ns  (required time - arrival time)
  Source:                 debounce_ofAll/input_circle_status_reg[5]/C
                            (rising edge-triggered cell FDRE clocked by CLK_top  {rise@0.000ns fall@5.000ns period=10.000ns})
  Destination:            segment_ofAll/SEGMENT7_top_reg[1]/D
                            (rising edge-triggered cell FDRE clocked by CLK_top  {rise@0.000ns fall@5.000ns period=10.000ns})
  Path Group:             CLK_top
  Path Type:              Setup (Max at Slow Process Corner)
  Requirement:            10.000ns  (CLK_top rise@10.000ns - CLK_top rise@0.000ns)
  Data Path Delay:        7.561ns  (logic 1.947ns (25.749%)  route 5.614ns (74.251%))
  Logic Levels:           8  (LUT4=2 LUT5=1 LUT6=3 MUXF7=1 MUXF8=1)
  Clock Path Skew:        -0.034ns (DCD - SCD + CPR)
    Destination Clock Delay (DCD):    4.780ns = ( 14.780 - 10.000 ) 
    Source Clock Delay      (SCD):    5.072ns
    Clock Pessimism Removal (CPR):    0.258ns
  Clock Uncertainty:      0.035ns  ((TSJ^2 + TIJ^2)^1/2 + DJ) / 2 + PE
    Total System Jitter     (TSJ):    0.071ns
    Total Input Jitter      (TIJ):    0.000ns
    Discrete Jitter          (DJ):    0.000ns
    Phase Error              (PE):    0.000ns

    Location             Delay type                Incr(ns)  Path(ns)    Netlist Resource(s)
  -------------------------------------------------------------------    -------------------
                         (clock CLK_top rise edge)    0.000     0.000 r  
    W5                                                0.000     0.000 r  CLK_top (IN)
                         net (fo=0)                   0.000     0.000    CLK_top
    W5                   IBUF (Prop_ibuf_I_O)         1.458     1.458 r  CLK_top_IBUF_inst/O
                         net (fo=1, routed)           1.967     3.425    CLK_top_IBUF
    BUFGCTRL_X0Y2        BUFG (Prop_bufg_I_O)         0.096     3.521 r  CLK_top_IBUF_BUFG_inst/O
                         net (fo=77, routed)          1.551     5.072    debounce_ofAll/CLK_top_IBUF_BUFG
    SLICE_X42Y61         FDRE                                         r  debounce_ofAll/input_circle_status_reg[5]/C
  -------------------------------------------------------------------    -------------------
    SLICE_X42Y61         FDRE (Prop_fdre_C_Q)         0.478     5.550 f  debounce_ofAll/input_circle_status_reg[5]/Q
                         net (fo=17, routed)          1.033     6.583    debounce_ofAll/input_circle_status_reg_n_1_[5]
    SLICE_X39Y60         LUT4 (Prop_lut4_I0_O)        0.295     6.878 f  debounce_ofAll/LED_top_OBUF[15]_inst_i_45/O
                         net (fo=3, routed)           0.676     7.553    debounce_ofAll/LED_top_OBUF[15]_inst_i_45_n_1
    SLICE_X38Y60         LUT5 (Prop_lut5_I4_O)        0.152     7.705 r  debounce_ofAll/LED_top_OBUF[15]_inst_i_26/O
                         net (fo=42, routed)          1.100     8.805    debounce_ofAll/input_circle_status_reg[7]_2
    SLICE_X34Y61         LUT6 (Prop_lut6_I3_O)        0.348     9.153 f  debounce_ofAll/LED_top_OBUF[13]_inst_i_9/O
                         net (fo=1, routed)           0.736     9.889    debounce_ofAll/LED_top_OBUF[13]_inst_i_9_n_1
    SLICE_X34Y62         LUT6 (Prop_lut6_I2_O)        0.124    10.013 f  debounce_ofAll/LED_top_OBUF[13]_inst_i_3/O
                         net (fo=1, routed)           0.634    10.648    debounce_ofAll/LED_top_OBUF[13]_inst_i_3_n_1
    SLICE_X35Y61         LUT6 (Prop_lut6_I3_O)        0.124    10.772 r  debounce_ofAll/LED_top_OBUF[13]_inst_i_1/O
                         net (fo=8, routed)           1.436    12.207    debounce_ofAll/LED_top_OBUF[13]
    SLICE_X46Y51         LUT4 (Prop_lut4_I0_O)        0.124    12.331 r  debounce_ofAll/SEGMENT7_top[1]_i_7/O
                         net (fo=1, routed)           0.000    12.331    debounce_ofAll/SEGMENT7_top[1]_i_7_n_1
    SLICE_X46Y51         MUXF7 (Prop_muxf7_I1_O)      0.214    12.545 r  debounce_ofAll/SEGMENT7_top_reg[1]_i_3/O
                         net (fo=1, routed)           0.000    12.545    debounce_ofAll/SEGMENT7_top_reg[1]_i_3_n_1
    SLICE_X46Y51         MUXF8 (Prop_muxf8_I1_O)      0.088    12.633 r  debounce_ofAll/SEGMENT7_top_reg[1]_i_1/O
                         net (fo=1, routed)           0.000    12.633    segment_ofAll/D[0]
    SLICE_X46Y51         FDRE                                         r  segment_ofAll/SEGMENT7_top_reg[1]/D
  -------------------------------------------------------------------    -------------------

                         (clock CLK_top rise edge)   10.000    10.000 r  
    W5                                                0.000    10.000 r  CLK_top (IN)
                         net (fo=0)                   0.000    10.000    CLK_top
    W5                   IBUF (Prop_ibuf_I_O)         1.388    11.388 r  CLK_top_IBUF_inst/O
                         net (fo=1, routed)           1.862    13.250    CLK_top_IBUF
    BUFGCTRL_X0Y2        BUFG (Prop_bufg_I_O)         0.091    13.341 r  CLK_top_IBUF_BUFG_inst/O
                         net (fo=77, routed)          1.439    14.780    segment_ofAll/CLK_top_IBUF_BUFG
    SLICE_X46Y51         FDRE                                         r  segment_ofAll/SEGMENT7_top_reg[1]/C
                         clock pessimism              0.258    15.038    
                         clock uncertainty           -0.035    15.003    
    SLICE_X46Y51         FDRE (Setup_fdre_C_D)        0.113    15.116    segment_ofAll/SEGMENT7_top_reg[1]
  -------------------------------------------------------------------
                         required time                         15.116    
                         arrival time                         -12.633    
  -------------------------------------------------------------------
                         slack                                  2.482    

Slack (MET) :             2.494ns  (required time - arrival time)
  Source:                 debounce_ofAll/cycle_counter_reg[1]/C
                            (rising edge-triggered cell FDRE clocked by CLK_top  {rise@0.000ns fall@5.000ns period=10.000ns})
  Destination:            debounce_ofAll/input_circle_status_reg[2]/D
                            (rising edge-triggered cell FDRE clocked by CLK_top  {rise@0.000ns fall@5.000ns period=10.000ns})
  Path Group:             CLK_top
  Path Type:              Setup (Max at Slow Process Corner)
  Requirement:            10.000ns  (CLK_top rise@10.000ns - CLK_top rise@0.000ns)
  Data Path Delay:        7.192ns  (logic 0.857ns (11.915%)  route 6.335ns (88.085%))
  Logic Levels:           3  (LUT4=1 LUT5=1 LUT6=1)
  Clock Path Skew:        -0.040ns (DCD - SCD + CPR)
    Destination Clock Delay (DCD):    4.776ns = ( 14.776 - 10.000 ) 
    Source Clock Delay      (SCD):    5.074ns
    Clock Pessimism Removal (CPR):    0.258ns
  Clock Uncertainty:      0.035ns  ((TSJ^2 + TIJ^2)^1/2 + DJ) / 2 + PE
    Total System Jitter     (TSJ):    0.071ns
    Total Input Jitter      (TIJ):    0.000ns
    Discrete Jitter          (DJ):    0.000ns
    Phase Error              (PE):    0.000ns

    Location             Delay type                Incr(ns)  Path(ns)    Netlist Resource(s)
  -------------------------------------------------------------------    -------------------
                         (clock CLK_top rise edge)    0.000     0.000 r  
    W5                                                0.000     0.000 r  CLK_top (IN)
                         net (fo=0)                   0.000     0.000    CLK_top
    W5                   IBUF (Prop_ibuf_I_O)         1.458     1.458 r  CLK_top_IBUF_inst/O
                         net (fo=1, routed)           1.967     3.425    CLK_top_IBUF
    BUFGCTRL_X0Y2        BUFG (Prop_bufg_I_O)         0.096     3.521 r  CLK_top_IBUF_BUFG_inst/O
                         net (fo=77, routed)          1.553     5.074    debounce_ofAll/CLK_top_IBUF_BUFG
    SLICE_X45Y60         FDRE                                         r  debounce_ofAll/cycle_counter_reg[1]/C
  -------------------------------------------------------------------    -------------------
    SLICE_X45Y60         FDRE (Prop_fdre_C_Q)         0.456     5.530 r  debounce_ofAll/cycle_counter_reg[1]/Q
                         net (fo=18, routed)          2.809     8.338    debounce_ofAll/cycle_counter_reg[1]
    SLICE_X2Y38          LUT6 (Prop_lut6_I2_O)        0.124     8.462 r  debounce_ofAll/input_circle_status[18]_i_5/O
                         net (fo=1, routed)           2.387    10.849    debounce_ofAll/input_circle_status[18]_i_5_n_1
    SLICE_X43Y59         LUT5 (Prop_lut5_I2_O)        0.124    10.973 r  debounce_ofAll/input_circle_status[18]_i_2/O
                         net (fo=18, routed)          0.758    11.731    debounce_ofAll/input_circle_status1
    SLICE_X42Y60         LUT4 (Prop_lut4_I0_O)        0.153    11.884 r  debounce_ofAll/input_circle_status[2]_i_1/O
                         net (fo=1, routed)           0.382    12.266    debounce_ofAll/input_circle_status[2]_i_1_n_1
    SLICE_X42Y60         FDRE                                         r  debounce_ofAll/input_circle_status_reg[2]/D
  -------------------------------------------------------------------    -------------------

                         (clock CLK_top rise edge)   10.000    10.000 r  
    W5                                                0.000    10.000 r  CLK_top (IN)
                         net (fo=0)                   0.000    10.000    CLK_top
    W5                   IBUF (Prop_ibuf_I_O)         1.388    11.388 r  CLK_top_IBUF_inst/O
                         net (fo=1, routed)           1.862    13.250    CLK_top_IBUF
    BUFGCTRL_X0Y2        BUFG (Prop_bufg_I_O)         0.091    13.341 r  CLK_top_IBUF_BUFG_inst/O
                         net (fo=77, routed)          1.435    14.776    debounce_ofAll/CLK_top_IBUF_BUFG
    SLICE_X42Y60         FDRE                                         r  debounce_ofAll/input_circle_status_reg[2]/C
                         clock pessimism              0.258    15.034    
                         clock uncertainty           -0.035    14.999    
    SLICE_X42Y60         FDRE (Setup_fdre_C_D)       -0.238    14.761    debounce_ofAll/input_circle_status_reg[2]
  -------------------------------------------------------------------
                         required time                         14.761    
                         arrival time                         -12.266    
  -------------------------------------------------------------------
                         slack                                  2.494    

Slack (MET) :             2.505ns  (required time - arrival time)
  Source:                 debounce_ofAll/input_circle_status_reg[5]/C
                            (rising edge-triggered cell FDRE clocked by CLK_top  {rise@0.000ns fall@5.000ns period=10.000ns})
  Destination:            segment_ofAll/SEGMENT7_top_reg[2]/D
                            (rising edge-triggered cell FDRE clocked by CLK_top  {rise@0.000ns fall@5.000ns period=10.000ns})
  Path Group:             CLK_top
  Path Type:              Setup (Max at Slow Process Corner)
  Requirement:            10.000ns  (CLK_top rise@10.000ns - CLK_top rise@0.000ns)
  Data Path Delay:        7.538ns  (logic 2.155ns (28.588%)  route 5.383ns (71.412%))
  Logic Levels:           8  (LUT4=2 LUT5=1 LUT6=3 MUXF7=1 MUXF8=1)
  Clock Path Skew:        -0.034ns (DCD - SCD + CPR)
    Destination Clock Delay (DCD):    4.780ns = ( 14.780 - 10.000 ) 
    Source Clock Delay      (SCD):    5.072ns
    Clock Pessimism Removal (CPR):    0.258ns
  Clock Uncertainty:      0.035ns  ((TSJ^2 + TIJ^2)^1/2 + DJ) / 2 + PE
    Total System Jitter     (TSJ):    0.071ns
    Total Input Jitter      (TIJ):    0.000ns
    Discrete Jitter          (DJ):    0.000ns
    Phase Error              (PE):    0.000ns

    Location             Delay type                Incr(ns)  Path(ns)    Netlist Resource(s)
  -------------------------------------------------------------------    -------------------
                         (clock CLK_top rise edge)    0.000     0.000 r  
    W5                                                0.000     0.000 r  CLK_top (IN)
                         net (fo=0)                   0.000     0.000    CLK_top
    W5                   IBUF (Prop_ibuf_I_O)         1.458     1.458 r  CLK_top_IBUF_inst/O
                         net (fo=1, routed)           1.967     3.425    CLK_top_IBUF
    BUFGCTRL_X0Y2        BUFG (Prop_bufg_I_O)         0.096     3.521 r  CLK_top_IBUF_BUFG_inst/O
                         net (fo=77, routed)          1.551     5.072    debounce_ofAll/CLK_top_IBUF_BUFG
    SLICE_X42Y61         FDRE                                         r  debounce_ofAll/input_circle_status_reg[5]/C
  -------------------------------------------------------------------    -------------------
    SLICE_X42Y61         FDRE (Prop_fdre_C_Q)         0.478     5.550 f  debounce_ofAll/input_circle_status_reg[5]/Q
                         net (fo=17, routed)          0.890     6.440    debounce_ofAll/input_circle_status_reg_n_1_[5]
    SLICE_X42Y60         LUT4 (Prop_lut4_I2_O)        0.321     6.761 f  debounce_ofAll/LED_top_OBUF[15]_inst_i_14/O
                         net (fo=26, routed)          1.094     7.856    debounce_ofAll/LED_top_OBUF[15]_inst_i_14_n_1
    SLICE_X37Y57         LUT5 (Prop_lut5_I1_O)        0.356     8.212 f  debounce_ofAll/LED_top_OBUF[15]_inst_i_39/O
                         net (fo=10, routed)          0.908     9.120    debounce_ofAll/LED_top_OBUF[15]_inst_i_39_n_1
    SLICE_X38Y62         LUT6 (Prop_lut6_I0_O)        0.326     9.446 f  debounce_ofAll/LED_top_OBUF[14]_inst_i_13/O
                         net (fo=1, routed)           0.590    10.036    debounce_ofAll/LED_top_OBUF[14]_inst_i_13_n_1
    SLICE_X38Y61         LUT6 (Prop_lut6_I4_O)        0.124    10.160 f  debounce_ofAll/LED_top_OBUF[14]_inst_i_4/O
                         net (fo=1, routed)           0.449    10.609    debounce_ofAll/LED_top_OBUF[14]_inst_i_4_n_1
    SLICE_X34Y61         LUT6 (Prop_lut6_I4_O)        0.124    10.733 r  debounce_ofAll/LED_top_OBUF[14]_inst_i_1/O
                         net (fo=8, routed)           1.451    12.184    debounce_ofAll/LED_top_OBUF[14]
    SLICE_X46Y50         LUT4 (Prop_lut4_I1_O)        0.124    12.308 r  debounce_ofAll/SEGMENT7_top[2]_i_7/O
                         net (fo=1, routed)           0.000    12.308    debounce_ofAll/SEGMENT7_top[2]_i_7_n_1
    SLICE_X46Y50         MUXF7 (Prop_muxf7_I1_O)      0.214    12.522 r  debounce_ofAll/SEGMENT7_top_reg[2]_i_3/O
                         net (fo=1, routed)           0.000    12.522    debounce_ofAll/SEGMENT7_top_reg[2]_i_3_n_1
    SLICE_X46Y50         MUXF8 (Prop_muxf8_I1_O)      0.088    12.610 r  debounce_ofAll/SEGMENT7_top_reg[2]_i_1/O
                         net (fo=1, routed)           0.000    12.610    segment_ofAll/D[1]
    SLICE_X46Y50         FDRE                                         r  segment_ofAll/SEGMENT7_top_reg[2]/D
  -------------------------------------------------------------------    -------------------

                         (clock CLK_top rise edge)   10.000    10.000 r  
    W5                                                0.000    10.000 r  CLK_top (IN)
                         net (fo=0)                   0.000    10.000    CLK_top
    W5                   IBUF (Prop_ibuf_I_O)         1.388    11.388 r  CLK_top_IBUF_inst/O
                         net (fo=1, routed)           1.862    13.250    CLK_top_IBUF
    BUFGCTRL_X0Y2        BUFG (Prop_bufg_I_O)         0.091    13.341 r  CLK_top_IBUF_BUFG_inst/O
                         net (fo=77, routed)          1.439    14.780    segment_ofAll/CLK_top_IBUF_BUFG
    SLICE_X46Y50         FDRE                                         r  segment_ofAll/SEGMENT7_top_reg[2]/C
                         clock pessimism              0.258    15.038    
                         clock uncertainty           -0.035    15.003    
    SLICE_X46Y50         FDRE (Setup_fdre_C_D)        0.113    15.116    segment_ofAll/SEGMENT7_top_reg[2]
  -------------------------------------------------------------------
                         required time                         15.116    
                         arrival time                         -12.610    
  -------------------------------------------------------------------
                         slack                                  2.505    

Slack (MET) :             2.531ns  (required time - arrival time)
  Source:                 debounce_ofAll/input_circle_status_reg[1]/C
                            (rising edge-triggered cell FDRE clocked by CLK_top  {rise@0.000ns fall@5.000ns period=10.000ns})
  Destination:            segment_ofAll/SEGMENT7_top_reg[5]/D
                            (rising edge-triggered cell FDRE clocked by CLK_top  {rise@0.000ns fall@5.000ns period=10.000ns})
  Path Group:             CLK_top
  Path Type:              Setup (Max at Slow Process Corner)
  Requirement:            10.000ns  (CLK_top rise@10.000ns - CLK_top rise@0.000ns)
  Data Path Delay:        7.395ns  (logic 2.007ns (27.141%)  route 5.388ns (72.859%))
  Logic Levels:           8  (LUT3=1 LUT4=1 LUT5=2 LUT6=2 MUXF7=1 MUXF8=1)
  Clock Path Skew:        -0.103ns (DCD - SCD + CPR)
    Destination Clock Delay (DCD):    4.790ns = ( 14.790 - 10.000 ) 
    Source Clock Delay      (SCD):    5.073ns
    Clock Pessimism Removal (CPR):    0.180ns
  Clock Uncertainty:      0.035ns  ((TSJ^2 + TIJ^2)^1/2 + DJ) / 2 + PE
    Total System Jitter     (TSJ):    0.071ns
    Total Input Jitter      (TIJ):    0.000ns
    Discrete Jitter          (DJ):    0.000ns
    Phase Error              (PE):    0.000ns

    Location             Delay type                Incr(ns)  Path(ns)    Netlist Resource(s)
  -------------------------------------------------------------------    -------------------
                         (clock CLK_top rise edge)    0.000     0.000 r  
    W5                                                0.000     0.000 r  CLK_top (IN)
                         net (fo=0)                   0.000     0.000    CLK_top
    W5                   IBUF (Prop_ibuf_I_O)         1.458     1.458 r  CLK_top_IBUF_inst/O
                         net (fo=1, routed)           1.967     3.425    CLK_top_IBUF
    BUFGCTRL_X0Y2        BUFG (Prop_bufg_I_O)         0.096     3.521 r  CLK_top_IBUF_BUFG_inst/O
                         net (fo=77, routed)          1.552     5.073    debounce_ofAll/CLK_top_IBUF_BUFG
    SLICE_X43Y59         FDRE                                         r  debounce_ofAll/input_circle_status_reg[1]/C
  -------------------------------------------------------------------    -------------------
    SLICE_X43Y59         FDRE (Prop_fdre_C_Q)         0.456     5.529 f  debounce_ofAll/input_circle_status_reg[1]/Q
                         net (fo=109, routed)         1.207     6.735    debounce_ofAll/input_circle_status_reg[1]_0
    SLICE_X36Y61         LUT3 (Prop_lut3_I0_O)        0.150     6.885 r  debounce_ofAll/LED_top_OBUF[15]_inst_i_42/O
                         net (fo=29, routed)          1.646     8.531    ALU/LED_top_OBUF[11]_inst_i_19
    SLICE_X38Y50         LUT5 (Prop_lut5_I0_O)        0.352     8.883 f  ALU/LED_top_OBUF[11]_inst_i_29/O
                         net (fo=1, routed)           0.569     9.453    debounce_ofAll/LED_top_OBUF[11]_inst_i_5_2
    SLICE_X38Y51         LUT5 (Prop_lut5_I3_O)        0.328     9.781 f  debounce_ofAll/LED_top_OBUF[11]_inst_i_19/O
                         net (fo=1, routed)           0.496    10.277    debounce_ofAll/LED_top_OBUF[11]_inst_i_19_n_1
    SLICE_X38Y51         LUT6 (Prop_lut6_I5_O)        0.124    10.401 f  debounce_ofAll/LED_top_OBUF[11]_inst_i_5/O
                         net (fo=1, routed)           0.426    10.827    debounce_ofAll/LED_top_OBUF[11]_inst_i_5_n_1
    SLICE_X41Y50         LUT6 (Prop_lut6_I5_O)        0.124    10.951 r  debounce_ofAll/LED_top_OBUF[11]_inst_i_1/O
                         net (fo=8, routed)           1.044    11.995    debounce_ofAll/LED_top_OBUF[11]
    SLICE_X44Y49         LUT4 (Prop_lut4_I0_O)        0.124    12.119 r  debounce_ofAll/SEGMENT7_top[5]_i_5/O
                         net (fo=1, routed)           0.000    12.119    debounce_ofAll/SEGMENT7_top[5]_i_5_n_1
    SLICE_X44Y49         MUXF7 (Prop_muxf7_I1_O)      0.245    12.364 r  debounce_ofAll/SEGMENT7_top_reg[5]_i_2/O
                         net (fo=1, routed)           0.000    12.364    debounce_ofAll/SEGMENT7_top_reg[5]_i_2_n_1
    SLICE_X44Y49         MUXF8 (Prop_muxf8_I0_O)      0.104    12.468 r  debounce_ofAll/SEGMENT7_top_reg[5]_i_1/O
                         net (fo=1, routed)           0.000    12.468    segment_ofAll/D[4]
    SLICE_X44Y49         FDRE                                         r  segment_ofAll/SEGMENT7_top_reg[5]/D
  -------------------------------------------------------------------    -------------------

                         (clock CLK_top rise edge)   10.000    10.000 r  
    W5                                                0.000    10.000 r  CLK_top (IN)
                         net (fo=0)                   0.000    10.000    CLK_top
    W5                   IBUF (Prop_ibuf_I_O)         1.388    11.388 r  CLK_top_IBUF_inst/O
                         net (fo=1, routed)           1.862    13.250    CLK_top_IBUF
    BUFGCTRL_X0Y2        BUFG (Prop_bufg_I_O)         0.091    13.341 r  CLK_top_IBUF_BUFG_inst/O
                         net (fo=77, routed)          1.449    14.790    segment_ofAll/CLK_top_IBUF_BUFG
    SLICE_X44Y49         FDRE                                         r  segment_ofAll/SEGMENT7_top_reg[5]/C
                         clock pessimism              0.180    14.970    
                         clock uncertainty           -0.035    14.935    
    SLICE_X44Y49         FDRE (Setup_fdre_C_D)        0.064    14.999    segment_ofAll/SEGMENT7_top_reg[5]
  -------------------------------------------------------------------
                         required time                         14.999    
                         arrival time                         -12.468    
  -------------------------------------------------------------------
                         slack                                  2.531    

Slack (MET) :             2.551ns  (required time - arrival time)
  Source:                 debounce_ofAll/input_circle_status_reg[1]/C
                            (rising edge-triggered cell FDRE clocked by CLK_top  {rise@0.000ns fall@5.000ns period=10.000ns})
  Destination:            segment_ofAll/SEGMENT7_top_reg[4]/D
                            (rising edge-triggered cell FDRE clocked by CLK_top  {rise@0.000ns fall@5.000ns period=10.000ns})
  Path Group:             CLK_top
  Path Type:              Setup (Max at Slow Process Corner)
  Requirement:            10.000ns  (CLK_top rise@10.000ns - CLK_top rise@0.000ns)
  Data Path Delay:        7.375ns  (logic 2.007ns (27.214%)  route 5.368ns (72.786%))
  Logic Levels:           8  (LUT3=1 LUT4=1 LUT5=2 LUT6=2 MUXF7=1 MUXF8=1)
  Clock Path Skew:        -0.103ns (DCD - SCD + CPR)
    Destination Clock Delay (DCD):    4.790ns = ( 14.790 - 10.000 ) 
    Source Clock Delay      (SCD):    5.073ns
    Clock Pessimism Removal (CPR):    0.180ns
  Clock Uncertainty:      0.035ns  ((TSJ^2 + TIJ^2)^1/2 + DJ) / 2 + PE
    Total System Jitter     (TSJ):    0.071ns
    Total Input Jitter      (TIJ):    0.000ns
    Discrete Jitter          (DJ):    0.000ns
    Phase Error              (PE):    0.000ns

    Location             Delay type                Incr(ns)  Path(ns)    Netlist Resource(s)
  -------------------------------------------------------------------    -------------------
                         (clock CLK_top rise edge)    0.000     0.000 r  
    W5                                                0.000     0.000 r  CLK_top (IN)
                         net (fo=0)                   0.000     0.000    CLK_top
    W5                   IBUF (Prop_ibuf_I_O)         1.458     1.458 r  CLK_top_IBUF_inst/O
                         net (fo=1, routed)           1.967     3.425    CLK_top_IBUF
    BUFGCTRL_X0Y2        BUFG (Prop_bufg_I_O)         0.096     3.521 r  CLK_top_IBUF_BUFG_inst/O
                         net (fo=77, routed)          1.552     5.073    debounce_ofAll/CLK_top_IBUF_BUFG
    SLICE_X43Y59         FDRE                                         r  debounce_ofAll/input_circle_status_reg[1]/C
  -------------------------------------------------------------------    -------------------
    SLICE_X43Y59         FDRE (Prop_fdre_C_Q)         0.456     5.529 r  debounce_ofAll/input_circle_status_reg[1]/Q
                         net (fo=109, routed)         1.207     6.735    debounce_ofAll/input_circle_status_reg[1]_0
    SLICE_X36Y61         LUT3 (Prop_lut3_I0_O)        0.150     6.885 f  debounce_ofAll/LED_top_OBUF[15]_inst_i_42/O
                         net (fo=29, routed)          1.646     8.531    ALU/LED_top_OBUF[11]_inst_i_19
    SLICE_X38Y50         LUT5 (Prop_lut5_I0_O)        0.352     8.883 r  ALU/LED_top_OBUF[11]_inst_i_29/O
                         net (fo=1, routed)           0.569     9.453    debounce_ofAll/LED_top_OBUF[11]_inst_i_5_2
    SLICE_X38Y51         LUT5 (Prop_lut5_I3_O)        0.328     9.781 r  debounce_ofAll/LED_top_OBUF[11]_inst_i_19/O
                         net (fo=1, routed)           0.496    10.277    debounce_ofAll/LED_top_OBUF[11]_inst_i_19_n_1
    SLICE_X38Y51         LUT6 (Prop_lut6_I5_O)        0.124    10.401 r  debounce_ofAll/LED_top_OBUF[11]_inst_i_5/O
                         net (fo=1, routed)           0.426    10.827    debounce_ofAll/LED_top_OBUF[11]_inst_i_5_n_1
    SLICE_X41Y50         LUT6 (Prop_lut6_I5_O)        0.124    10.951 f  debounce_ofAll/LED_top_OBUF[11]_inst_i_1/O
                         net (fo=8, routed)           1.024    11.975    debounce_ofAll/LED_top_OBUF[11]
    SLICE_X45Y49         LUT4 (Prop_lut4_I0_O)        0.124    12.099 r  debounce_ofAll/SEGMENT7_top[4]_i_5/O
                         net (fo=1, routed)           0.000    12.099    debounce_ofAll/SEGMENT7_top[4]_i_5_n_1
    SLICE_X45Y49         MUXF7 (Prop_muxf7_I1_O)      0.245    12.344 r  debounce_ofAll/SEGMENT7_top_reg[4]_i_2/O
                         net (fo=1, routed)           0.000    12.344    debounce_ofAll/SEGMENT7_top_reg[4]_i_2_n_1
    SLICE_X45Y49         MUXF8 (Prop_muxf8_I0_O)      0.104    12.448 r  debounce_ofAll/SEGMENT7_top_reg[4]_i_1/O
                         net (fo=1, routed)           0.000    12.448    segment_ofAll/D[3]
    SLICE_X45Y49         FDRE                                         r  segment_ofAll/SEGMENT7_top_reg[4]/D
  -------------------------------------------------------------------    -------------------

                         (clock CLK_top rise edge)   10.000    10.000 r  
    W5                                                0.000    10.000 r  CLK_top (IN)
                         net (fo=0)                   0.000    10.000    CLK_top
    W5                   IBUF (Prop_ibuf_I_O)         1.388    11.388 r  CLK_top_IBUF_inst/O
                         net (fo=1, routed)           1.862    13.250    CLK_top_IBUF
    BUFGCTRL_X0Y2        BUFG (Prop_bufg_I_O)         0.091    13.341 r  CLK_top_IBUF_BUFG_inst/O
                         net (fo=77, routed)          1.449    14.790    segment_ofAll/CLK_top_IBUF_BUFG
    SLICE_X45Y49         FDRE                                         r  segment_ofAll/SEGMENT7_top_reg[4]/C
                         clock pessimism              0.180    14.970    
                         clock uncertainty           -0.035    14.935    
    SLICE_X45Y49         FDRE (Setup_fdre_C_D)        0.064    14.999    segment_ofAll/SEGMENT7_top_reg[4]
  -------------------------------------------------------------------
                         required time                         14.999    
                         arrival time                         -12.448    
  -------------------------------------------------------------------
                         slack                                  2.551    

Slack (MET) :             2.587ns  (required time - arrival time)
  Source:                 debounce_ofAll/input_circle_status_reg[5]/C
                            (rising edge-triggered cell FDRE clocked by CLK_top  {rise@0.000ns fall@5.000ns period=10.000ns})
  Destination:            segment_ofAll/SEGMENT7_top_reg[6]/D
                            (rising edge-triggered cell FDRE clocked by CLK_top  {rise@0.000ns fall@5.000ns period=10.000ns})
  Path Group:             CLK_top
  Path Type:              Setup (Max at Slow Process Corner)
  Requirement:            10.000ns  (CLK_top rise@10.000ns - CLK_top rise@0.000ns)
  Data Path Delay:        7.407ns  (logic 1.956ns (26.406%)  route 5.451ns (73.594%))
  Logic Levels:           8  (LUT4=2 LUT5=1 LUT6=3 MUXF7=1 MUXF8=1)
  Clock Path Skew:        -0.034ns (DCD - SCD + CPR)
    Destination Clock Delay (DCD):    4.780ns = ( 14.780 - 10.000 ) 
    Source Clock Delay      (SCD):    5.072ns
    Clock Pessimism Removal (CPR):    0.258ns
  Clock Uncertainty:      0.035ns  ((TSJ^2 + TIJ^2)^1/2 + DJ) / 2 + PE
    Total System Jitter     (TSJ):    0.071ns
    Total Input Jitter      (TIJ):    0.000ns
    Discrete Jitter          (DJ):    0.000ns
    Phase Error              (PE):    0.000ns

    Location             Delay type                Incr(ns)  Path(ns)    Netlist Resource(s)
  -------------------------------------------------------------------    -------------------
                         (clock CLK_top rise edge)    0.000     0.000 r  
    W5                                                0.000     0.000 r  CLK_top (IN)
                         net (fo=0)                   0.000     0.000    CLK_top
    W5                   IBUF (Prop_ibuf_I_O)         1.458     1.458 r  CLK_top_IBUF_inst/O
                         net (fo=1, routed)           1.967     3.425    CLK_top_IBUF
    BUFGCTRL_X0Y2        BUFG (Prop_bufg_I_O)         0.096     3.521 r  CLK_top_IBUF_BUFG_inst/O
                         net (fo=77, routed)          1.551     5.072    debounce_ofAll/CLK_top_IBUF_BUFG
    SLICE_X42Y61         FDRE                                         r  debounce_ofAll/input_circle_status_reg[5]/C
  -------------------------------------------------------------------    -------------------
    SLICE_X42Y61         FDRE (Prop_fdre_C_Q)         0.478     5.550 f  debounce_ofAll/input_circle_status_reg[5]/Q
                         net (fo=17, routed)          1.033     6.583    debounce_ofAll/input_circle_status_reg_n_1_[5]
    SLICE_X39Y60         LUT4 (Prop_lut4_I0_O)        0.295     6.878 f  debounce_ofAll/LED_top_OBUF[15]_inst_i_45/O
                         net (fo=3, routed)           0.676     7.553    debounce_ofAll/LED_top_OBUF[15]_inst_i_45_n_1
    SLICE_X38Y60         LUT5 (Prop_lut5_I4_O)        0.152     7.705 r  debounce_ofAll/LED_top_OBUF[15]_inst_i_26/O
                         net (fo=42, routed)          1.100     8.805    debounce_ofAll/input_circle_status_reg[7]_2
    SLICE_X34Y61         LUT6 (Prop_lut6_I3_O)        0.348     9.153 f  debounce_ofAll/LED_top_OBUF[13]_inst_i_9/O
                         net (fo=1, routed)           0.736     9.889    debounce_ofAll/LED_top_OBUF[13]_inst_i_9_n_1
    SLICE_X34Y62         LUT6 (Prop_lut6_I2_O)        0.124    10.013 f  debounce_ofAll/LED_top_OBUF[13]_inst_i_3/O
                         net (fo=1, routed)           0.634    10.648    debounce_ofAll/LED_top_OBUF[13]_inst_i_3_n_1
    SLICE_X35Y61         LUT6 (Prop_lut6_I3_O)        0.124    10.772 r  debounce_ofAll/LED_top_OBUF[13]_inst_i_1/O
                         net (fo=8, routed)           1.273    12.044    debounce_ofAll/LED_top_OBUF[13]
    SLICE_X45Y50         LUT4 (Prop_lut4_I1_O)        0.124    12.168 r  debounce_ofAll/SEGMENT7_top[6]_i_7/O
                         net (fo=1, routed)           0.000    12.168    debounce_ofAll/SEGMENT7_top[6]_i_7_n_1
    SLICE_X45Y50         MUXF7 (Prop_muxf7_I1_O)      0.217    12.385 r  debounce_ofAll/SEGMENT7_top_reg[6]_i_3/O
                         net (fo=1, routed)           0.000    12.385    debounce_ofAll/SEGMENT7_top_reg[6]_i_3_n_1
    SLICE_X45Y50         MUXF8 (Prop_muxf8_I1_O)      0.094    12.479 r  debounce_ofAll/SEGMENT7_top_reg[6]_i_1/O
                         net (fo=1, routed)           0.000    12.479    segment_ofAll/D[5]
    SLICE_X45Y50         FDRE                                         r  segment_ofAll/SEGMENT7_top_reg[6]/D
  -------------------------------------------------------------------    -------------------

                         (clock CLK_top rise edge)   10.000    10.000 r  
    W5                                                0.000    10.000 r  CLK_top (IN)
                         net (fo=0)                   0.000    10.000    CLK_top
    W5                   IBUF (Prop_ibuf_I_O)         1.388    11.388 r  CLK_top_IBUF_inst/O
                         net (fo=1, routed)           1.862    13.250    CLK_top_IBUF
    BUFGCTRL_X0Y2        BUFG (Prop_bufg_I_O)         0.091    13.341 r  CLK_top_IBUF_BUFG_inst/O
                         net (fo=77, routed)          1.439    14.780    segment_ofAll/CLK_top_IBUF_BUFG
    SLICE_X45Y50         FDRE                                         r  segment_ofAll/SEGMENT7_top_reg[6]/C
                         clock pessimism              0.258    15.038    
                         clock uncertainty           -0.035    15.003    
    SLICE_X45Y50         FDRE (Setup_fdre_C_D)        0.064    15.067    segment_ofAll/SEGMENT7_top_reg[6]
  -------------------------------------------------------------------
                         required time                         15.067    
                         arrival time                         -12.479    
  -------------------------------------------------------------------
                         slack                                  2.587    

Slack (MET) :             2.795ns  (required time - arrival time)
  Source:                 debounce_ofAll/input_circle_status_reg[5]/C
                            (rising edge-triggered cell FDRE clocked by CLK_top  {rise@0.000ns fall@5.000ns period=10.000ns})
  Destination:            segment_ofAll/SEGMENT7_top_reg[7]/D
                            (rising edge-triggered cell FDRE clocked by CLK_top  {rise@0.000ns fall@5.000ns period=10.000ns})
  Path Group:             CLK_top
  Path Type:              Setup (Max at Slow Process Corner)
  Requirement:            10.000ns  (CLK_top rise@10.000ns - CLK_top rise@0.000ns)
  Data Path Delay:        7.199ns  (logic 2.164ns (30.059%)  route 5.035ns (69.941%))
  Logic Levels:           8  (LUT4=2 LUT5=1 LUT6=3 MUXF7=1 MUXF8=1)
  Clock Path Skew:        -0.034ns (DCD - SCD + CPR)
    Destination Clock Delay (DCD):    4.780ns = ( 14.780 - 10.000 ) 
    Source Clock Delay      (SCD):    5.072ns
    Clock Pessimism Removal (CPR):    0.258ns
  Clock Uncertainty:      0.035ns  ((TSJ^2 + TIJ^2)^1/2 + DJ) / 2 + PE
    Total System Jitter     (TSJ):    0.071ns
    Total Input Jitter      (TIJ):    0.000ns
    Discrete Jitter          (DJ):    0.000ns
    Phase Error              (PE):    0.000ns

    Location             Delay type                Incr(ns)  Path(ns)    Netlist Resource(s)
  -------------------------------------------------------------------    -------------------
                         (clock CLK_top rise edge)    0.000     0.000 r  
    W5                                                0.000     0.000 r  CLK_top (IN)
                         net (fo=0)                   0.000     0.000    CLK_top
    W5                   IBUF (Prop_ibuf_I_O)         1.458     1.458 r  CLK_top_IBUF_inst/O
                         net (fo=1, routed)           1.967     3.425    CLK_top_IBUF
    BUFGCTRL_X0Y2        BUFG (Prop_bufg_I_O)         0.096     3.521 r  CLK_top_IBUF_BUFG_inst/O
                         net (fo=77, routed)          1.551     5.072    debounce_ofAll/CLK_top_IBUF_BUFG
    SLICE_X42Y61         FDRE                                         r  debounce_ofAll/input_circle_status_reg[5]/C
  -------------------------------------------------------------------    -------------------
    SLICE_X42Y61         FDRE (Prop_fdre_C_Q)         0.478     5.550 f  debounce_ofAll/input_circle_status_reg[5]/Q
                         net (fo=17, routed)          0.890     6.440    debounce_ofAll/input_circle_status_reg_n_1_[5]
    SLICE_X42Y60         LUT4 (Prop_lut4_I2_O)        0.321     6.761 f  debounce_ofAll/LED_top_OBUF[15]_inst_i_14/O
                         net (fo=26, routed)          1.094     7.856    debounce_ofAll/LED_top_OBUF[15]_inst_i_14_n_1
    SLICE_X37Y57         LUT5 (Prop_lut5_I1_O)        0.356     8.212 f  debounce_ofAll/LED_top_OBUF[15]_inst_i_39/O
                         net (fo=10, routed)          0.908     9.120    debounce_ofAll/LED_top_OBUF[15]_inst_i_39_n_1
    SLICE_X38Y62         LUT6 (Prop_lut6_I0_O)        0.326     9.446 f  debounce_ofAll/LED_top_OBUF[14]_inst_i_13/O
                         net (fo=1, routed)           0.590    10.036    debounce_ofAll/LED_top_OBUF[14]_inst_i_13_n_1
    SLICE_X38Y61         LUT6 (Prop_lut6_I4_O)        0.124    10.160 f  debounce_ofAll/LED_top_OBUF[14]_inst_i_4/O
                         net (fo=1, routed)           0.449    10.609    debounce_ofAll/LED_top_OBUF[14]_inst_i_4_n_1
    SLICE_X34Y61         LUT6 (Prop_lut6_I4_O)        0.124    10.733 r  debounce_ofAll/LED_top_OBUF[14]_inst_i_1/O
                         net (fo=8, routed)           1.103    11.836    debounce_ofAll/LED_top_OBUF[14]
    SLICE_X44Y50         LUT4 (Prop_lut4_I1_O)        0.124    11.960 r  debounce_ofAll/SEGMENT7_top[7]_i_7/O
                         net (fo=1, routed)           0.000    11.960    debounce_ofAll/SEGMENT7_top[7]_i_7_n_1
    SLICE_X44Y50         MUXF7 (Prop_muxf7_I1_O)      0.217    12.177 r  debounce_ofAll/SEGMENT7_top_reg[7]_i_3/O
                         net (fo=1, routed)           0.000    12.177    debounce_ofAll/SEGMENT7_top_reg[7]_i_3_n_1
    SLICE_X44Y50         MUXF8 (Prop_muxf8_I1_O)      0.094    12.271 r  debounce_ofAll/SEGMENT7_top_reg[7]_i_1/O
                         net (fo=1, routed)           0.000    12.271    segment_ofAll/D[6]
    SLICE_X44Y50         FDRE                                         r  segment_ofAll/SEGMENT7_top_reg[7]/D
  -------------------------------------------------------------------    -------------------

                         (clock CLK_top rise edge)   10.000    10.000 r  
    W5                                                0.000    10.000 r  CLK_top (IN)
                         net (fo=0)                   0.000    10.000    CLK_top
    W5                   IBUF (Prop_ibuf_I_O)         1.388    11.388 r  CLK_top_IBUF_inst/O
                         net (fo=1, routed)           1.862    13.250    CLK_top_IBUF
    BUFGCTRL_X0Y2        BUFG (Prop_bufg_I_O)         0.091    13.341 r  CLK_top_IBUF_BUFG_inst/O
                         net (fo=77, routed)          1.439    14.780    segment_ofAll/CLK_top_IBUF_BUFG
    SLICE_X44Y50         FDRE                                         r  segment_ofAll/SEGMENT7_top_reg[7]/C
                         clock pessimism              0.258    15.038    
                         clock uncertainty           -0.035    15.003    
    SLICE_X44Y50         FDRE (Setup_fdre_C_D)        0.064    15.067    segment_ofAll/SEGMENT7_top_reg[7]
  -------------------------------------------------------------------
                         required time                         15.067    
                         arrival time                         -12.271    
  -------------------------------------------------------------------
                         slack                                  2.795    

Slack (MET) :             2.809ns  (required time - arrival time)
  Source:                 debounce_ofAll/cycle_counter_reg[1]/C
                            (rising edge-triggered cell FDRE clocked by CLK_top  {rise@0.000ns fall@5.000ns period=10.000ns})
  Destination:            debounce_ofAll/input_circle_status_reg[5]/D
                            (rising edge-triggered cell FDRE clocked by CLK_top  {rise@0.000ns fall@5.000ns period=10.000ns})
  Path Group:             CLK_top
  Path Type:              Setup (Max at Slow Process Corner)
  Requirement:            10.000ns  (CLK_top rise@10.000ns - CLK_top rise@0.000ns)
  Data Path Delay:        7.099ns  (logic 0.828ns (11.664%)  route 6.271ns (88.336%))
  Logic Levels:           3  (LUT4=1 LUT5=1 LUT6=1)
  Clock Path Skew:        -0.041ns (DCD - SCD + CPR)
    Destination Clock Delay (DCD):    4.775ns = ( 14.775 - 10.000 ) 
    Source Clock Delay      (SCD):    5.074ns
    Clock Pessimism Removal (CPR):    0.258ns
  Clock Uncertainty:      0.035ns  ((TSJ^2 + TIJ^2)^1/2 + DJ) / 2 + PE
    Total System Jitter     (TSJ):    0.071ns
    Total Input Jitter      (TIJ):    0.000ns
    Discrete Jitter          (DJ):    0.000ns
    Phase Error              (PE):    0.000ns

    Location             Delay type                Incr(ns)  Path(ns)    Netlist Resource(s)
  -------------------------------------------------------------------    -------------------
                         (clock CLK_top rise edge)    0.000     0.000 r  
    W5                                                0.000     0.000 r  CLK_top (IN)
                         net (fo=0)                   0.000     0.000    CLK_top
    W5                   IBUF (Prop_ibuf_I_O)         1.458     1.458 r  CLK_top_IBUF_inst/O
                         net (fo=1, routed)           1.967     3.425    CLK_top_IBUF
    BUFGCTRL_X0Y2        BUFG (Prop_bufg_I_O)         0.096     3.521 r  CLK_top_IBUF_BUFG_inst/O
                         net (fo=77, routed)          1.553     5.074    debounce_ofAll/CLK_top_IBUF_BUFG
    SLICE_X45Y60         FDRE                                         r  debounce_ofAll/cycle_counter_reg[1]/C
  -------------------------------------------------------------------    -------------------
    SLICE_X45Y60         FDRE (Prop_fdre_C_Q)         0.456     5.530 r  debounce_ofAll/cycle_counter_reg[1]/Q
                         net (fo=18, routed)          2.809     8.338    debounce_ofAll/cycle_counter_reg[1]
    SLICE_X2Y38          LUT6 (Prop_lut6_I2_O)        0.124     8.462 r  debounce_ofAll/input_circle_status[18]_i_5/O
                         net (fo=1, routed)           2.387    10.849    debounce_ofAll/input_circle_status[18]_i_5_n_1
    SLICE_X43Y59         LUT5 (Prop_lut5_I2_O)        0.124    10.973 r  debounce_ofAll/input_circle_status[18]_i_2/O
                         net (fo=18, routed)          0.696    11.669    debounce_ofAll/input_circle_status1
    SLICE_X42Y61         LUT4 (Prop_lut4_I0_O)        0.124    11.793 r  debounce_ofAll/input_circle_status[5]_i_1/O
                         net (fo=1, routed)           0.379    12.172    debounce_ofAll/input_circle_status[5]_i_1_n_1
    SLICE_X42Y61         FDRE                                         r  debounce_ofAll/input_circle_status_reg[5]/D
  -------------------------------------------------------------------    -------------------

                         (clock CLK_top rise edge)   10.000    10.000 r  
    W5                                                0.000    10.000 r  CLK_top (IN)
                         net (fo=0)                   0.000    10.000    CLK_top
    W5                   IBUF (Prop_ibuf_I_O)         1.388    11.388 r  CLK_top_IBUF_inst/O
                         net (fo=1, routed)           1.862    13.250    CLK_top_IBUF
    BUFGCTRL_X0Y2        BUFG (Prop_bufg_I_O)         0.091    13.341 r  CLK_top_IBUF_BUFG_inst/O
                         net (fo=77, routed)          1.434    14.775    debounce_ofAll/CLK_top_IBUF_BUFG
    SLICE_X42Y61         FDRE                                         r  debounce_ofAll/input_circle_status_reg[5]/C
                         clock pessimism              0.258    15.033    
                         clock uncertainty           -0.035    14.998    
    SLICE_X42Y61         FDRE (Setup_fdre_C_D)       -0.016    14.982    debounce_ofAll/input_circle_status_reg[5]
  -------------------------------------------------------------------
                         required time                         14.982    
                         arrival time                         -12.172    
  -------------------------------------------------------------------
                         slack                                  2.809    

Slack (MET) :             2.856ns  (required time - arrival time)
  Source:                 debounce_ofAll/cycle_counter_reg[1]/C
                            (rising edge-triggered cell FDRE clocked by CLK_top  {rise@0.000ns fall@5.000ns period=10.000ns})
  Destination:            debounce_ofAll/input_circle_status_reg[10]/D
                            (rising edge-triggered cell FDRE clocked by CLK_top  {rise@0.000ns fall@5.000ns period=10.000ns})
  Path Group:             CLK_top
  Path Type:              Setup (Max at Slow Process Corner)
  Requirement:            10.000ns  (CLK_top rise@10.000ns - CLK_top rise@0.000ns)
  Data Path Delay:        7.129ns  (logic 0.856ns (12.007%)  route 6.273ns (87.993%))
  Logic Levels:           3  (LUT4=1 LUT5=1 LUT6=1)
  Clock Path Skew:        -0.026ns (DCD - SCD + CPR)
    Destination Clock Delay (DCD):    4.776ns = ( 14.776 - 10.000 ) 
    Source Clock Delay      (SCD):    5.074ns
    Clock Pessimism Removal (CPR):    0.272ns
  Clock Uncertainty:      0.035ns  ((TSJ^2 + TIJ^2)^1/2 + DJ) / 2 + PE
    Total System Jitter     (TSJ):    0.071ns
    Total Input Jitter      (TIJ):    0.000ns
    Discrete Jitter          (DJ):    0.000ns
    Phase Error              (PE):    0.000ns

    Location             Delay type                Incr(ns)  Path(ns)    Netlist Resource(s)
  -------------------------------------------------------------------    -------------------
                         (clock CLK_top rise edge)    0.000     0.000 r  
    W5                                                0.000     0.000 r  CLK_top (IN)
                         net (fo=0)                   0.000     0.000    CLK_top
    W5                   IBUF (Prop_ibuf_I_O)         1.458     1.458 r  CLK_top_IBUF_inst/O
                         net (fo=1, routed)           1.967     3.425    CLK_top_IBUF
    BUFGCTRL_X0Y2        BUFG (Prop_bufg_I_O)         0.096     3.521 r  CLK_top_IBUF_BUFG_inst/O
                         net (fo=77, routed)          1.553     5.074    debounce_ofAll/CLK_top_IBUF_BUFG
    SLICE_X45Y60         FDRE                                         r  debounce_ofAll/cycle_counter_reg[1]/C
  -------------------------------------------------------------------    -------------------
    SLICE_X45Y60         FDRE (Prop_fdre_C_Q)         0.456     5.530 r  debounce_ofAll/cycle_counter_reg[1]/Q
                         net (fo=18, routed)          2.809     8.338    debounce_ofAll/cycle_counter_reg[1]
    SLICE_X2Y38          LUT6 (Prop_lut6_I2_O)        0.124     8.462 r  debounce_ofAll/input_circle_status[18]_i_5/O
                         net (fo=1, routed)           2.387    10.849    debounce_ofAll/input_circle_status[18]_i_5_n_1
    SLICE_X43Y59         LUT5 (Prop_lut5_I2_O)        0.124    10.973 r  debounce_ofAll/input_circle_status[18]_i_2/O
                         net (fo=18, routed)          1.078    12.051    debounce_ofAll/input_circle_status1
    SLICE_X44Y61         LUT4 (Prop_lut4_I0_O)        0.152    12.203 r  debounce_ofAll/input_circle_status[10]_i_1/O
                         net (fo=1, routed)           0.000    12.203    debounce_ofAll/input_circle_status[10]_i_1_n_1
    SLICE_X44Y61         FDRE                                         r  debounce_ofAll/input_circle_status_reg[10]/D
  -------------------------------------------------------------------    -------------------

                         (clock CLK_top rise edge)   10.000    10.000 r  
    W5                                                0.000    10.000 r  CLK_top (IN)
                         net (fo=0)                   0.000    10.000    CLK_top
    W5                   IBUF (Prop_ibuf_I_O)         1.388    11.388 r  CLK_top_IBUF_inst/O
                         net (fo=1, routed)           1.862    13.250    CLK_top_IBUF
    BUFGCTRL_X0Y2        BUFG (Prop_bufg_I_O)         0.091    13.341 r  CLK_top_IBUF_BUFG_inst/O
                         net (fo=77, routed)          1.435    14.776    debounce_ofAll/CLK_top_IBUF_BUFG
    SLICE_X44Y61         FDRE                                         r  debounce_ofAll/input_circle_status_reg[10]/C
                         clock pessimism              0.272    15.048    
                         clock uncertainty           -0.035    15.013    
    SLICE_X44Y61         FDRE (Setup_fdre_C_D)        0.047    15.060    debounce_ofAll/input_circle_status_reg[10]
  -------------------------------------------------------------------
                         required time                         15.060    
                         arrival time                         -12.203    
  -------------------------------------------------------------------
                         slack                                  2.856    





Min Delay Paths
--------------------------------------------------------------------------------------
Slack (MET) :             0.251ns  (arrival time - required time)
  Source:                 segment_ofAll/sevenouter4index_reg[1]/C
                            (rising edge-triggered cell FDRE clocked by CLK_top  {rise@0.000ns fall@5.000ns period=10.000ns})
  Destination:            segment_ofAll/SEGMENT7_top_reg[2]/D
                            (rising edge-triggered cell FDRE clocked by CLK_top  {rise@0.000ns fall@5.000ns period=10.000ns})
  Path Group:             CLK_top
  Path Type:              Hold (Min at Fast Process Corner)
  Requirement:            0.000ns  (CLK_top rise@0.000ns - CLK_top rise@0.000ns)
  Data Path Delay:        0.655ns  (logic 0.310ns (47.359%)  route 0.345ns (52.641%))
  Logic Levels:           2  (MUXF7=1 MUXF8=1)
  Clock Path Skew:        0.270ns (DCD - SCD - CPR)
    Destination Clock Delay (DCD):    1.960ns
    Source Clock Delay      (SCD):    1.446ns
    Clock Pessimism Removal (CPR):    0.244ns

    Location             Delay type                Incr(ns)  Path(ns)    Netlist Resource(s)
  -------------------------------------------------------------------    -------------------
                         (clock CLK_top rise edge)    0.000     0.000 r  
    W5                                                0.000     0.000 r  CLK_top (IN)
                         net (fo=0)                   0.000     0.000    CLK_top
    W5                   IBUF (Prop_ibuf_I_O)         0.226     0.226 r  CLK_top_IBUF_inst/O
                         net (fo=1, routed)           0.631     0.858    CLK_top_IBUF
    BUFGCTRL_X0Y2        BUFG (Prop_bufg_I_O)         0.026     0.884 r  CLK_top_IBUF_BUFG_inst/O
                         net (fo=77, routed)          0.563     1.446    segment_ofAll/CLK_top_IBUF_BUFG
    SLICE_X42Y43         FDRE                                         r  segment_ofAll/sevenouter4index_reg[1]/C
  -------------------------------------------------------------------    -------------------
    SLICE_X42Y43         FDRE (Prop_fdre_C_Q)         0.148     1.594 r  segment_ofAll/sevenouter4index_reg[1]/Q
                         net (fo=18, routed)          0.345     1.939    debounce_ofAll/sevenouter4index_reg[1]
    SLICE_X46Y50         MUXF7 (Prop_muxf7_S_O)       0.143     2.082 r  debounce_ofAll/SEGMENT7_top_reg[2]_i_3/O
                         net (fo=1, routed)           0.000     2.082    debounce_ofAll/SEGMENT7_top_reg[2]_i_3_n_1
    SLICE_X46Y50         MUXF8 (Prop_muxf8_I1_O)      0.019     2.101 r  debounce_ofAll/SEGMENT7_top_reg[2]_i_1/O
                         net (fo=1, routed)           0.000     2.101    segment_ofAll/D[1]
    SLICE_X46Y50         FDRE                                         r  segment_ofAll/SEGMENT7_top_reg[2]/D
  -------------------------------------------------------------------    -------------------

                         (clock CLK_top rise edge)    0.000     0.000 r  
    W5                                                0.000     0.000 r  CLK_top (IN)
                         net (fo=0)                   0.000     0.000    CLK_top
    W5                   IBUF (Prop_ibuf_I_O)         0.414     0.414 r  CLK_top_IBUF_inst/O
                         net (fo=1, routed)           0.685     1.099    CLK_top_IBUF
    BUFGCTRL_X0Y2        BUFG (Prop_bufg_I_O)         0.029     1.128 r  CLK_top_IBUF_BUFG_inst/O
                         net (fo=77, routed)          0.833     1.960    segment_ofAll/CLK_top_IBUF_BUFG
    SLICE_X46Y50         FDRE                                         r  segment_ofAll/SEGMENT7_top_reg[2]/C
                         clock pessimism             -0.244     1.716    
    SLICE_X46Y50         FDRE (Hold_fdre_C_D)         0.134     1.850    segment_ofAll/SEGMENT7_top_reg[2]
  -------------------------------------------------------------------
                         required time                         -1.850    
                         arrival time                           2.101    
  -------------------------------------------------------------------
                         slack                                  0.251    

Slack (MET) :             0.263ns  (arrival time - required time)
  Source:                 debounce_ofAll/input_circle_status_reg[14]/C
                            (rising edge-triggered cell FDRE clocked by CLK_top  {rise@0.000ns fall@5.000ns period=10.000ns})
  Destination:            debounce_ofAll/input_circle_status_reg[14]/D
                            (rising edge-triggered cell FDRE clocked by CLK_top  {rise@0.000ns fall@5.000ns period=10.000ns})
  Path Group:             CLK_top
  Path Type:              Hold (Min at Fast Process Corner)
  Requirement:            0.000ns  (CLK_top rise@0.000ns - CLK_top rise@0.000ns)
  Data Path Delay:        0.354ns  (logic 0.186ns (52.507%)  route 0.168ns (47.493%))
  Logic Levels:           1  (LUT4=1)
  Clock Path Skew:        0.000ns (DCD - SCD - CPR)
    Destination Clock Delay (DCD):    1.956ns
    Source Clock Delay      (SCD):    1.442ns
    Clock Pessimism Removal (CPR):    0.514ns

    Location             Delay type                Incr(ns)  Path(ns)    Netlist Resource(s)
  -------------------------------------------------------------------    -------------------
                         (clock CLK_top rise edge)    0.000     0.000 r  
    W5                                                0.000     0.000 r  CLK_top (IN)
                         net (fo=0)                   0.000     0.000    CLK_top
    W5                   IBUF (Prop_ibuf_I_O)         0.226     0.226 r  CLK_top_IBUF_inst/O
                         net (fo=1, routed)           0.631     0.858    CLK_top_IBUF
    BUFGCTRL_X0Y2        BUFG (Prop_bufg_I_O)         0.026     0.884 r  CLK_top_IBUF_BUFG_inst/O
                         net (fo=77, routed)          0.559     1.442    debounce_ofAll/CLK_top_IBUF_BUFG
    SLICE_X43Y61         FDRE                                         r  debounce_ofAll/input_circle_status_reg[14]/C
  -------------------------------------------------------------------    -------------------
    SLICE_X43Y61         FDRE (Prop_fdre_C_Q)         0.141     1.583 r  debounce_ofAll/input_circle_status_reg[14]/Q
                         net (fo=2, routed)           0.168     1.751    debounce_ofAll/usersw_msb[6]
    SLICE_X43Y61         LUT4 (Prop_lut4_I3_O)        0.045     1.796 r  debounce_ofAll/input_circle_status[14]_i_1/O
                         net (fo=1, routed)           0.000     1.796    debounce_ofAll/input_circle_status[14]_i_1_n_1
    SLICE_X43Y61         FDRE                                         r  debounce_ofAll/input_circle_status_reg[14]/D
  -------------------------------------------------------------------    -------------------

                         (clock CLK_top rise edge)    0.000     0.000 r  
    W5                                                0.000     0.000 r  CLK_top (IN)
                         net (fo=0)                   0.000     0.000    CLK_top
    W5                   IBUF (Prop_ibuf_I_O)         0.414     0.414 r  CLK_top_IBUF_inst/O
                         net (fo=1, routed)           0.685     1.099    CLK_top_IBUF
    BUFGCTRL_X0Y2        BUFG (Prop_bufg_I_O)         0.029     1.128 r  CLK_top_IBUF_BUFG_inst/O
                         net (fo=77, routed)          0.829     1.956    debounce_ofAll/CLK_top_IBUF_BUFG
    SLICE_X43Y61         FDRE                                         r  debounce_ofAll/input_circle_status_reg[14]/C
                         clock pessimism             -0.514     1.442    
    SLICE_X43Y61         FDRE (Hold_fdre_C_D)         0.091     1.533    debounce_ofAll/input_circle_status_reg[14]
  -------------------------------------------------------------------
                         required time                         -1.533    
                         arrival time                           1.796    
  -------------------------------------------------------------------
                         slack                                  0.263    

Slack (MET) :             0.275ns  (arrival time - required time)
  Source:                 debounce_ofAll/input_circle_status_reg[8]/C
                            (rising edge-triggered cell FDRE clocked by CLK_top  {rise@0.000ns fall@5.000ns period=10.000ns})
  Destination:            debounce_ofAll/input_circle_status_reg[8]/D
                            (rising edge-triggered cell FDRE clocked by CLK_top  {rise@0.000ns fall@5.000ns period=10.000ns})
  Path Group:             CLK_top
  Path Type:              Hold (Min at Fast Process Corner)
  Requirement:            0.000ns  (CLK_top rise@0.000ns - CLK_top rise@0.000ns)
  Data Path Delay:        0.367ns  (logic 0.186ns (50.723%)  route 0.181ns (49.277%))
  Logic Levels:           1  (LUT4=1)
  Clock Path Skew:        0.000ns (DCD - SCD - CPR)
    Destination Clock Delay (DCD):    1.956ns
    Source Clock Delay      (SCD):    1.442ns
    Clock Pessimism Removal (CPR):    0.514ns

    Location             Delay type                Incr(ns)  Path(ns)    Netlist Resource(s)
  -------------------------------------------------------------------    -------------------
                         (clock CLK_top rise edge)    0.000     0.000 r  
    W5                                                0.000     0.000 r  CLK_top (IN)
                         net (fo=0)                   0.000     0.000    CLK_top
    W5                   IBUF (Prop_ibuf_I_O)         0.226     0.226 r  CLK_top_IBUF_inst/O
                         net (fo=1, routed)           0.631     0.858    CLK_top_IBUF
    BUFGCTRL_X0Y2        BUFG (Prop_bufg_I_O)         0.026     0.884 r  CLK_top_IBUF_BUFG_inst/O
                         net (fo=77, routed)          0.559     1.442    debounce_ofAll/CLK_top_IBUF_BUFG
    SLICE_X43Y60         FDRE                                         r  debounce_ofAll/input_circle_status_reg[8]/C
  -------------------------------------------------------------------    -------------------
    SLICE_X43Y60         FDRE (Prop_fdre_C_Q)         0.141     1.583 r  debounce_ofAll/input_circle_status_reg[8]/Q
                         net (fo=62, routed)          0.181     1.764    debounce_ofAll/usersw_msb[0]
    SLICE_X43Y60         LUT4 (Prop_lut4_I3_O)        0.045     1.809 r  debounce_ofAll/input_circle_status[8]_i_1/O
                         net (fo=1, routed)           0.000     1.809    debounce_ofAll/input_circle_status[8]_i_1_n_1
    SLICE_X43Y60         FDRE                                         r  debounce_ofAll/input_circle_status_reg[8]/D
  -------------------------------------------------------------------    -------------------

                         (clock CLK_top rise edge)    0.000     0.000 r  
    W5                                                0.000     0.000 r  CLK_top (IN)
                         net (fo=0)                   0.000     0.000    CLK_top
    W5                   IBUF (Prop_ibuf_I_O)         0.414     0.414 r  CLK_top_IBUF_inst/O
                         net (fo=1, routed)           0.685     1.099    CLK_top_IBUF
    BUFGCTRL_X0Y2        BUFG (Prop_bufg_I_O)         0.029     1.128 r  CLK_top_IBUF_BUFG_inst/O
                         net (fo=77, routed)          0.829     1.956    debounce_ofAll/CLK_top_IBUF_BUFG
    SLICE_X43Y60         FDRE                                         r  debounce_ofAll/input_circle_status_reg[8]/C
                         clock pessimism             -0.514     1.442    
    SLICE_X43Y60         FDRE (Hold_fdre_C_D)         0.092     1.534    debounce_ofAll/input_circle_status_reg[8]
  -------------------------------------------------------------------
                         required time                         -1.534    
                         arrival time                           1.809    
  -------------------------------------------------------------------
                         slack                                  0.275    

Slack (MET) :             0.278ns  (arrival time - required time)
  Source:                 debounce_ofAll/debounce_cntr_reg[14]/C
                            (rising edge-triggered cell FDRE clocked by CLK_top  {rise@0.000ns fall@5.000ns period=10.000ns})
  Destination:            debounce_ofAll/debounce_cntr_reg[14]/D
                            (rising edge-triggered cell FDRE clocked by CLK_top  {rise@0.000ns fall@5.000ns period=10.000ns})
  Path Group:             CLK_top
  Path Type:              Hold (Min at Fast Process Corner)
  Requirement:            0.000ns  (CLK_top rise@0.000ns - CLK_top rise@0.000ns)
  Data Path Delay:        0.412ns  (logic 0.274ns (66.506%)  route 0.138ns (33.494%))
  Logic Levels:           2  (CARRY4=1 LUT2=1)
  Clock Path Skew:        0.000ns (DCD - SCD - CPR)
    Destination Clock Delay (DCD):    1.959ns
    Source Clock Delay      (SCD):    1.445ns
    Clock Pessimism Removal (CPR):    0.514ns

    Location             Delay type                Incr(ns)  Path(ns)    Netlist Resource(s)
  -------------------------------------------------------------------    -------------------
                         (clock CLK_top rise edge)    0.000     0.000 r  
    W5                                                0.000     0.000 r  CLK_top (IN)
                         net (fo=0)                   0.000     0.000    CLK_top
    W5                   IBUF (Prop_ibuf_I_O)         0.226     0.226 r  CLK_top_IBUF_inst/O
                         net (fo=1, routed)           0.631     0.858    CLK_top_IBUF
    BUFGCTRL_X0Y2        BUFG (Prop_bufg_I_O)         0.026     0.884 r  CLK_top_IBUF_BUFG_inst/O
                         net (fo=77, routed)          0.562     1.445    debounce_ofAll/CLK_top_IBUF_BUFG
    SLICE_X46Y55         FDRE                                         r  debounce_ofAll/debounce_cntr_reg[14]/C
  -------------------------------------------------------------------    -------------------
    SLICE_X46Y55         FDRE (Prop_fdre_C_Q)         0.164     1.609 r  debounce_ofAll/debounce_cntr_reg[14]/Q
                         net (fo=4, routed)           0.138     1.747    debounce_ofAll/debounce_cntr_reg[14]
    SLICE_X46Y55         LUT2 (Prop_lut2_I0_O)        0.045     1.792 r  debounce_ofAll/debounce_cntr[12]_i_3/O
                         net (fo=1, routed)           0.000     1.792    debounce_ofAll/debounce_cntr[12]_i_3_n_1
    SLICE_X46Y55         CARRY4 (Prop_carry4_S[2]_O[2])
                                                      0.065     1.857 r  debounce_ofAll/debounce_cntr_reg[12]_i_1/O[2]
                         net (fo=1, routed)           0.000     1.857    debounce_ofAll/debounce_cntr_reg[12]_i_1_n_6
    SLICE_X46Y55         FDRE                                         r  debounce_ofAll/debounce_cntr_reg[14]/D
  -------------------------------------------------------------------    -------------------

                         (clock CLK_top rise edge)    0.000     0.000 r  
    W5                                                0.000     0.000 r  CLK_top (IN)
                         net (fo=0)                   0.000     0.000    CLK_top
    W5                   IBUF (Prop_ibuf_I_O)         0.414     0.414 r  CLK_top_IBUF_inst/O
                         net (fo=1, routed)           0.685     1.099    CLK_top_IBUF
    BUFGCTRL_X0Y2        BUFG (Prop_bufg_I_O)         0.029     1.128 r  CLK_top_IBUF_BUFG_inst/O
                         net (fo=77, routed)          0.831     1.959    debounce_ofAll/CLK_top_IBUF_BUFG
    SLICE_X46Y55         FDRE                                         r  debounce_ofAll/debounce_cntr_reg[14]/C
                         clock pessimism             -0.514     1.445    
    SLICE_X46Y55         FDRE (Hold_fdre_C_D)         0.134     1.579    debounce_ofAll/debounce_cntr_reg[14]
  -------------------------------------------------------------------
                         required time                         -1.579    
                         arrival time                           1.857    
  -------------------------------------------------------------------
                         slack                                  0.278    

Slack (MET) :             0.280ns  (arrival time - required time)
  Source:                 segment_ofAll/minicounter_reg[6]/C
                            (rising edge-triggered cell FDRE clocked by CLK_top  {rise@0.000ns fall@5.000ns period=10.000ns})
  Destination:            segment_ofAll/minicounter_reg[6]/D
                            (rising edge-triggered cell FDRE clocked by CLK_top  {rise@0.000ns fall@5.000ns period=10.000ns})
  Path Group:             CLK_top
  Path Type:              Hold (Min at Fast Process Corner)
  Requirement:            0.000ns  (CLK_top rise@0.000ns - CLK_top rise@0.000ns)
  Data Path Delay:        0.385ns  (logic 0.252ns (65.529%)  route 0.133ns (34.471%))
  Logic Levels:           1  (CARRY4=1)
  Clock Path Skew:        0.000ns (DCD - SCD - CPR)
    Destination Clock Delay (DCD):    1.959ns
    Source Clock Delay      (SCD):    1.445ns
    Clock Pessimism Removal (CPR):    0.514ns

    Location             Delay type                Incr(ns)  Path(ns)    Netlist Resource(s)
  -------------------------------------------------------------------    -------------------
                         (clock CLK_top rise edge)    0.000     0.000 r  
    W5                                                0.000     0.000 r  CLK_top (IN)
                         net (fo=0)                   0.000     0.000    CLK_top
    W5                   IBUF (Prop_ibuf_I_O)         0.226     0.226 r  CLK_top_IBUF_inst/O
                         net (fo=1, routed)           0.631     0.858    CLK_top_IBUF
    BUFGCTRL_X0Y2        BUFG (Prop_bufg_I_O)         0.026     0.884 r  CLK_top_IBUF_BUFG_inst/O
                         net (fo=77, routed)          0.562     1.445    segment_ofAll/CLK_top_IBUF_BUFG
    SLICE_X40Y42         FDRE                                         r  segment_ofAll/minicounter_reg[6]/C
  -------------------------------------------------------------------    -------------------
    SLICE_X40Y42         FDRE (Prop_fdre_C_Q)         0.141     1.586 r  segment_ofAll/minicounter_reg[6]/Q
                         net (fo=3, routed)           0.133     1.719    segment_ofAll/minicounter_reg[6]
    SLICE_X40Y42         CARRY4 (Prop_carry4_S[2]_O[2])
                                                      0.111     1.830 r  segment_ofAll/minicounter_reg[4]_i_1/O[2]
                         net (fo=1, routed)           0.000     1.830    segment_ofAll/minicounter_reg[4]_i_1_n_6
    SLICE_X40Y42         FDRE                                         r  segment_ofAll/minicounter_reg[6]/D
  -------------------------------------------------------------------    -------------------

                         (clock CLK_top rise edge)    0.000     0.000 r  
    W5                                                0.000     0.000 r  CLK_top (IN)
                         net (fo=0)                   0.000     0.000    CLK_top
    W5                   IBUF (Prop_ibuf_I_O)         0.414     0.414 r  CLK_top_IBUF_inst/O
                         net (fo=1, routed)           0.685     1.099    CLK_top_IBUF
    BUFGCTRL_X0Y2        BUFG (Prop_bufg_I_O)         0.029     1.128 r  CLK_top_IBUF_BUFG_inst/O
                         net (fo=77, routed)          0.832     1.959    segment_ofAll/CLK_top_IBUF_BUFG
    SLICE_X40Y42         FDRE                                         r  segment_ofAll/minicounter_reg[6]/C
                         clock pessimism             -0.514     1.445    
    SLICE_X40Y42         FDRE (Hold_fdre_C_D)         0.105     1.550    segment_ofAll/minicounter_reg[6]
  -------------------------------------------------------------------
                         required time                         -1.550    
                         arrival time                           1.830    
  -------------------------------------------------------------------
                         slack                                  0.280    

Slack (MET) :             0.280ns  (arrival time - required time)
  Source:                 debounce_ofAll/cycle_counter_reg[2]/C
                            (rising edge-triggered cell FDRE clocked by CLK_top  {rise@0.000ns fall@5.000ns period=10.000ns})
  Destination:            debounce_ofAll/cycle_counter_reg[3]/D
                            (rising edge-triggered cell FDRE clocked by CLK_top  {rise@0.000ns fall@5.000ns period=10.000ns})
  Path Group:             CLK_top
  Path Type:              Hold (Min at Fast Process Corner)
  Requirement:            0.000ns  (CLK_top rise@0.000ns - CLK_top rise@0.000ns)
  Data Path Delay:        0.387ns  (logic 0.183ns (47.339%)  route 0.204ns (52.661%))
  Logic Levels:           1  (LUT4=1)
  Clock Path Skew:        0.000ns (DCD - SCD - CPR)
    Destination Clock Delay (DCD):    1.957ns
    Source Clock Delay      (SCD):    1.443ns
    Clock Pessimism Removal (CPR):    0.514ns

    Location             Delay type                Incr(ns)  Path(ns)    Netlist Resource(s)
  -------------------------------------------------------------------    -------------------
                         (clock CLK_top rise edge)    0.000     0.000 r  
    W5                                                0.000     0.000 r  CLK_top (IN)
                         net (fo=0)                   0.000     0.000    CLK_top
    W5                   IBUF (Prop_ibuf_I_O)         0.226     0.226 r  CLK_top_IBUF_inst/O
                         net (fo=1, routed)           0.631     0.858    CLK_top_IBUF
    BUFGCTRL_X0Y2        BUFG (Prop_bufg_I_O)         0.026     0.884 r  CLK_top_IBUF_BUFG_inst/O
                         net (fo=77, routed)          0.560     1.443    debounce_ofAll/CLK_top_IBUF_BUFG
    SLICE_X45Y60         FDRE                                         r  debounce_ofAll/cycle_counter_reg[2]/C
  -------------------------------------------------------------------    -------------------
    SLICE_X45Y60         FDRE (Prop_fdre_C_Q)         0.141     1.584 r  debounce_ofAll/cycle_counter_reg[2]/Q
                         net (fo=18, routed)          0.204     1.788    debounce_ofAll/cycle_counter_reg[2]
    SLICE_X45Y60         LUT4 (Prop_lut4_I1_O)        0.042     1.830 r  debounce_ofAll/cycle_counter[3]_i_1/O
                         net (fo=1, routed)           0.000     1.830    debounce_ofAll/p_0_in[3]
    SLICE_X45Y60         FDRE                                         r  debounce_ofAll/cycle_counter_reg[3]/D
  -------------------------------------------------------------------    -------------------

                         (clock CLK_top rise edge)    0.000     0.000 r  
    W5                                                0.000     0.000 r  CLK_top (IN)
                         net (fo=0)                   0.000     0.000    CLK_top
    W5                   IBUF (Prop_ibuf_I_O)         0.414     0.414 r  CLK_top_IBUF_inst/O
                         net (fo=1, routed)           0.685     1.099    CLK_top_IBUF
    BUFGCTRL_X0Y2        BUFG (Prop_bufg_I_O)         0.029     1.128 r  CLK_top_IBUF_BUFG_inst/O
                         net (fo=77, routed)          0.830     1.957    debounce_ofAll/CLK_top_IBUF_BUFG
    SLICE_X45Y60         FDRE                                         r  debounce_ofAll/cycle_counter_reg[3]/C
                         clock pessimism             -0.514     1.443    
    SLICE_X45Y60         FDRE (Hold_fdre_C_D)         0.107     1.550    debounce_ofAll/cycle_counter_reg[3]
  -------------------------------------------------------------------
                         required time                         -1.550    
                         arrival time                           1.830    
  -------------------------------------------------------------------
                         slack                                  0.280    

Slack (MET) :             0.280ns  (arrival time - required time)
  Source:                 debounce_ofAll/input_circle_status_reg[18]/C
                            (rising edge-triggered cell FDRE clocked by CLK_top  {rise@0.000ns fall@5.000ns period=10.000ns})
  Destination:            debounce_ofAll/input_circle_status_reg[18]/D
                            (rising edge-triggered cell FDRE clocked by CLK_top  {rise@0.000ns fall@5.000ns period=10.000ns})
  Path Group:             CLK_top
  Path Type:              Hold (Min at Fast Process Corner)
  Requirement:            0.000ns  (CLK_top rise@0.000ns - CLK_top rise@0.000ns)
  Data Path Delay:        0.371ns  (logic 0.186ns (50.171%)  route 0.185ns (49.829%))
  Logic Levels:           1  (LUT6=1)
  Clock Path Skew:        0.000ns (DCD - SCD - CPR)
    Destination Clock Delay (DCD):    1.958ns
    Source Clock Delay      (SCD):    1.444ns
    Clock Pessimism Removal (CPR):    0.514ns

    Location             Delay type                Incr(ns)  Path(ns)    Netlist Resource(s)
  -------------------------------------------------------------------    -------------------
                         (clock CLK_top rise edge)    0.000     0.000 r  
    W5                                                0.000     0.000 r  CLK_top (IN)
                         net (fo=0)                   0.000     0.000    CLK_top
    W5                   IBUF (Prop_ibuf_I_O)         0.226     0.226 r  CLK_top_IBUF_inst/O
                         net (fo=1, routed)           0.631     0.858    CLK_top_IBUF
    BUFGCTRL_X0Y2        BUFG (Prop_bufg_I_O)         0.026     0.884 r  CLK_top_IBUF_BUFG_inst/O
                         net (fo=77, routed)          0.561     1.444    debounce_ofAll/CLK_top_IBUF_BUFG
    SLICE_X44Y59         FDRE                                         r  debounce_ofAll/input_circle_status_reg[18]/C
  -------------------------------------------------------------------    -------------------
    SLICE_X44Y59         FDRE (Prop_fdre_C_Q)         0.141     1.585 r  debounce_ofAll/input_circle_status_reg[18]/Q
                         net (fo=2, routed)           0.185     1.770    debounce_ofAll/userbutton_updown[1]
    SLICE_X44Y59         LUT6 (Prop_lut6_I5_O)        0.045     1.815 r  debounce_ofAll/input_circle_status[18]_i_1/O
                         net (fo=1, routed)           0.000     1.815    debounce_ofAll/input_circle_status[18]_i_1_n_1
    SLICE_X44Y59         FDRE                                         r  debounce_ofAll/input_circle_status_reg[18]/D
  -------------------------------------------------------------------    -------------------

                         (clock CLK_top rise edge)    0.000     0.000 r  
    W5                                                0.000     0.000 r  CLK_top (IN)
                         net (fo=0)                   0.000     0.000    CLK_top
    W5                   IBUF (Prop_ibuf_I_O)         0.414     0.414 r  CLK_top_IBUF_inst/O
                         net (fo=1, routed)           0.685     1.099    CLK_top_IBUF
    BUFGCTRL_X0Y2        BUFG (Prop_bufg_I_O)         0.029     1.128 r  CLK_top_IBUF_BUFG_inst/O
                         net (fo=77, routed)          0.831     1.958    debounce_ofAll/CLK_top_IBUF_BUFG
    SLICE_X44Y59         FDRE                                         r  debounce_ofAll/input_circle_status_reg[18]/C
                         clock pessimism             -0.514     1.444    
    SLICE_X44Y59         FDRE (Hold_fdre_C_D)         0.091     1.535    debounce_ofAll/input_circle_status_reg[18]
  -------------------------------------------------------------------
                         required time                         -1.535    
                         arrival time                           1.815    
  -------------------------------------------------------------------
                         slack                                  0.280    

Slack (MET) :             0.280ns  (arrival time - required time)
  Source:                 segment_ofAll/minicounter_reg[10]/C
                            (rising edge-triggered cell FDRE clocked by CLK_top  {rise@0.000ns fall@5.000ns period=10.000ns})
  Destination:            segment_ofAll/minicounter_reg[10]/D
                            (rising edge-triggered cell FDRE clocked by CLK_top  {rise@0.000ns fall@5.000ns period=10.000ns})
  Path Group:             CLK_top
  Path Type:              Hold (Min at Fast Process Corner)
  Requirement:            0.000ns  (CLK_top rise@0.000ns - CLK_top rise@0.000ns)
  Data Path Delay:        0.385ns  (logic 0.252ns (65.465%)  route 0.133ns (34.535%))
  Logic Levels:           1  (CARRY4=1)
  Clock Path Skew:        0.000ns (DCD - SCD - CPR)
    Destination Clock Delay (DCD):    1.960ns
    Source Clock Delay      (SCD):    1.446ns
    Clock Pessimism Removal (CPR):    0.514ns

    Location             Delay type                Incr(ns)  Path(ns)    Netlist Resource(s)
  -------------------------------------------------------------------    -------------------
                         (clock CLK_top rise edge)    0.000     0.000 r  
    W5                                                0.000     0.000 r  CLK_top (IN)
                         net (fo=0)                   0.000     0.000    CLK_top
    W5                   IBUF (Prop_ibuf_I_O)         0.226     0.226 r  CLK_top_IBUF_inst/O
                         net (fo=1, routed)           0.631     0.858    CLK_top_IBUF
    BUFGCTRL_X0Y2        BUFG (Prop_bufg_I_O)         0.026     0.884 r  CLK_top_IBUF_BUFG_inst/O
                         net (fo=77, routed)          0.563     1.446    segment_ofAll/CLK_top_IBUF_BUFG
    SLICE_X40Y43         FDRE                                         r  segment_ofAll/minicounter_reg[10]/C
  -------------------------------------------------------------------    -------------------
    SLICE_X40Y43         FDRE (Prop_fdre_C_Q)         0.141     1.587 r  segment_ofAll/minicounter_reg[10]/Q
                         net (fo=3, routed)           0.133     1.720    segment_ofAll/minicounter_reg[10]
    SLICE_X40Y43         CARRY4 (Prop_carry4_S[2]_O[2])
                                                      0.111     1.831 r  segment_ofAll/minicounter_reg[8]_i_1/O[2]
                         net (fo=1, routed)           0.000     1.831    segment_ofAll/minicounter_reg[8]_i_1_n_6
    SLICE_X40Y43         FDRE                                         r  segment_ofAll/minicounter_reg[10]/D
  -------------------------------------------------------------------    -------------------

                         (clock CLK_top rise edge)    0.000     0.000 r  
    W5                                                0.000     0.000 r  CLK_top (IN)
                         net (fo=0)                   0.000     0.000    CLK_top
    W5                   IBUF (Prop_ibuf_I_O)         0.414     0.414 r  CLK_top_IBUF_inst/O
                         net (fo=1, routed)           0.685     1.099    CLK_top_IBUF
    BUFGCTRL_X0Y2        BUFG (Prop_bufg_I_O)         0.029     1.128 r  CLK_top_IBUF_BUFG_inst/O
                         net (fo=77, routed)          0.833     1.960    segment_ofAll/CLK_top_IBUF_BUFG
    SLICE_X40Y43         FDRE                                         r  segment_ofAll/minicounter_reg[10]/C
                         clock pessimism             -0.514     1.446    
    SLICE_X40Y43         FDRE (Hold_fdre_C_D)         0.105     1.551    segment_ofAll/minicounter_reg[10]
  -------------------------------------------------------------------
                         required time                         -1.551    
                         arrival time                           1.831    
  -------------------------------------------------------------------
                         slack                                  0.280    

Slack (MET) :             0.281ns  (arrival time - required time)
  Source:                 segment_ofAll/minicounter_reg[2]/C
                            (rising edge-triggered cell FDRE clocked by CLK_top  {rise@0.000ns fall@5.000ns period=10.000ns})
  Destination:            segment_ofAll/minicounter_reg[2]/D
                            (rising edge-triggered cell FDRE clocked by CLK_top  {rise@0.000ns fall@5.000ns period=10.000ns})
  Path Group:             CLK_top
  Path Type:              Hold (Min at Fast Process Corner)
  Requirement:            0.000ns  (CLK_top rise@0.000ns - CLK_top rise@0.000ns)
  Data Path Delay:        0.386ns  (logic 0.252ns (65.354%)  route 0.134ns (34.646%))
  Logic Levels:           1  (CARRY4=1)
  Clock Path Skew:        0.000ns (DCD - SCD - CPR)
    Destination Clock Delay (DCD):    1.959ns
    Source Clock Delay      (SCD):    1.445ns
    Clock Pessimism Removal (CPR):    0.514ns

    Location             Delay type                Incr(ns)  Path(ns)    Netlist Resource(s)
  -------------------------------------------------------------------    -------------------
                         (clock CLK_top rise edge)    0.000     0.000 r  
    W5                                                0.000     0.000 r  CLK_top (IN)
                         net (fo=0)                   0.000     0.000    CLK_top
    W5                   IBUF (Prop_ibuf_I_O)         0.226     0.226 r  CLK_top_IBUF_inst/O
                         net (fo=1, routed)           0.631     0.858    CLK_top_IBUF
    BUFGCTRL_X0Y2        BUFG (Prop_bufg_I_O)         0.026     0.884 r  CLK_top_IBUF_BUFG_inst/O
                         net (fo=77, routed)          0.562     1.445    segment_ofAll/CLK_top_IBUF_BUFG
    SLICE_X40Y41         FDRE                                         r  segment_ofAll/minicounter_reg[2]/C
  -------------------------------------------------------------------    -------------------
    SLICE_X40Y41         FDRE (Prop_fdre_C_Q)         0.141     1.586 r  segment_ofAll/minicounter_reg[2]/Q
                         net (fo=3, routed)           0.134     1.720    segment_ofAll/minicounter_reg[2]
    SLICE_X40Y41         CARRY4 (Prop_carry4_S[2]_O[2])
                                                      0.111     1.831 r  segment_ofAll/minicounter_reg[0]_i_2/O[2]
                         net (fo=1, routed)           0.000     1.831    segment_ofAll/minicounter_reg[0]_i_2_n_6
    SLICE_X40Y41         FDRE                                         r  segment_ofAll/minicounter_reg[2]/D
  -------------------------------------------------------------------    -------------------

                         (clock CLK_top rise edge)    0.000     0.000 r  
    W5                                                0.000     0.000 r  CLK_top (IN)
                         net (fo=0)                   0.000     0.000    CLK_top
    W5                   IBUF (Prop_ibuf_I_O)         0.414     0.414 r  CLK_top_IBUF_inst/O
                         net (fo=1, routed)           0.685     1.099    CLK_top_IBUF
    BUFGCTRL_X0Y2        BUFG (Prop_bufg_I_O)         0.029     1.128 r  CLK_top_IBUF_BUFG_inst/O
                         net (fo=77, routed)          0.832     1.959    segment_ofAll/CLK_top_IBUF_BUFG
    SLICE_X40Y41         FDRE                                         r  segment_ofAll/minicounter_reg[2]/C
                         clock pessimism             -0.514     1.445    
    SLICE_X40Y41         FDRE (Hold_fdre_C_D)         0.105     1.550    segment_ofAll/minicounter_reg[2]
  -------------------------------------------------------------------
                         required time                         -1.550    
                         arrival time                           1.831    
  -------------------------------------------------------------------
                         slack                                  0.281    

Slack (MET) :             0.281ns  (arrival time - required time)
  Source:                 segment_ofAll/minicounter_reg[14]/C
                            (rising edge-triggered cell FDRE clocked by CLK_top  {rise@0.000ns fall@5.000ns period=10.000ns})
  Destination:            segment_ofAll/minicounter_reg[14]/D
                            (rising edge-triggered cell FDRE clocked by CLK_top  {rise@0.000ns fall@5.000ns period=10.000ns})
  Path Group:             CLK_top
  Path Type:              Hold (Min at Fast Process Corner)
  Requirement:            0.000ns  (CLK_top rise@0.000ns - CLK_top rise@0.000ns)
  Data Path Delay:        0.386ns  (logic 0.252ns (65.354%)  route 0.134ns (34.646%))
  Logic Levels:           1  (CARRY4=1)
  Clock Path Skew:        0.000ns (DCD - SCD - CPR)
    Destination Clock Delay (DCD):    1.960ns
    Source Clock Delay      (SCD):    1.446ns
    Clock Pessimism Removal (CPR):    0.514ns

    Location             Delay type                Incr(ns)  Path(ns)    Netlist Resource(s)
  -------------------------------------------------------------------    -------------------
                         (clock CLK_top rise edge)    0.000     0.000 r  
    W5                                                0.000     0.000 r  CLK_top (IN)
                         net (fo=0)                   0.000     0.000    CLK_top
    W5                   IBUF (Prop_ibuf_I_O)         0.226     0.226 r  CLK_top_IBUF_inst/O
                         net (fo=1, routed)           0.631     0.858    CLK_top_IBUF
    BUFGCTRL_X0Y2        BUFG (Prop_bufg_I_O)         0.026     0.884 r  CLK_top_IBUF_BUFG_inst/O
                         net (fo=77, routed)          0.563     1.446    segment_ofAll/CLK_top_IBUF_BUFG
    SLICE_X40Y44         FDRE                                         r  segment_ofAll/minicounter_reg[14]/C
  -------------------------------------------------------------------    -------------------
    SLICE_X40Y44         FDRE (Prop_fdre_C_Q)         0.141     1.587 r  segment_ofAll/minicounter_reg[14]/Q
                         net (fo=3, routed)           0.134     1.721    segment_ofAll/minicounter_reg[14]
    SLICE_X40Y44         CARRY4 (Prop_carry4_S[2]_O[2])
                                                      0.111     1.832 r  segment_ofAll/minicounter_reg[12]_i_1/O[2]
                         net (fo=1, routed)           0.000     1.832    segment_ofAll/minicounter_reg[12]_i_1_n_6
    SLICE_X40Y44         FDRE                                         r  segment_ofAll/minicounter_reg[14]/D
  -------------------------------------------------------------------    -------------------

                         (clock CLK_top rise edge)    0.000     0.000 r  
    W5                                                0.000     0.000 r  CLK_top (IN)
                         net (fo=0)                   0.000     0.000    CLK_top
    W5                   IBUF (Prop_ibuf_I_O)         0.414     0.414 r  CLK_top_IBUF_inst/O
                         net (fo=1, routed)           0.685     1.099    CLK_top_IBUF
    BUFGCTRL_X0Y2        BUFG (Prop_bufg_I_O)         0.029     1.128 r  CLK_top_IBUF_BUFG_inst/O
                         net (fo=77, routed)          0.833     1.960    segment_ofAll/CLK_top_IBUF_BUFG
    SLICE_X40Y44         FDRE                                         r  segment_ofAll/minicounter_reg[14]/C
                         clock pessimism             -0.514     1.446    
    SLICE_X40Y44         FDRE (Hold_fdre_C_D)         0.105     1.551    segment_ofAll/minicounter_reg[14]
  -------------------------------------------------------------------
                         required time                         -1.551    
                         arrival time                           1.832    
  -------------------------------------------------------------------
                         slack                                  0.281    





Pulse Width Checks
--------------------------------------------------------------------------------------
Clock Name:         CLK_top
Waveform(ns):       { 0.000 5.000 }
Period(ns):         10.000
Sources:            { CLK_top }

Check Type        Corner  Lib Pin  Reference Pin  Required(ns)  Actual(ns)  Slack(ns)  Location       Pin
Min Period        n/a     BUFG/I   n/a            2.155         10.000      7.845      BUFGCTRL_X0Y2  CLK_top_IBUF_BUFG_inst/I
Min Period        n/a     FDRE/C   n/a            1.000         10.000      9.000      SLICE_X46Y54   debounce_ofAll/debounce_cntr_reg[10]/C
Min Period        n/a     FDRE/C   n/a            1.000         10.000      9.000      SLICE_X46Y54   debounce_ofAll/debounce_cntr_reg[11]/C
Min Period        n/a     FDRE/C   n/a            1.000         10.000      9.000      SLICE_X46Y55   debounce_ofAll/debounce_cntr_reg[12]/C
Min Period        n/a     FDRE/C   n/a            1.000         10.000      9.000      SLICE_X46Y55   debounce_ofAll/debounce_cntr_reg[13]/C
Min Period        n/a     FDRE/C   n/a            1.000         10.000      9.000      SLICE_X46Y55   debounce_ofAll/debounce_cntr_reg[14]/C
Min Period        n/a     FDRE/C   n/a            1.000         10.000      9.000      SLICE_X46Y55   debounce_ofAll/debounce_cntr_reg[15]/C
Min Period        n/a     FDRE/C   n/a            1.000         10.000      9.000      SLICE_X46Y56   debounce_ofAll/debounce_cntr_reg[16]/C
Min Period        n/a     FDRE/C   n/a            1.000         10.000      9.000      SLICE_X46Y56   debounce_ofAll/debounce_cntr_reg[17]/C
Min Period        n/a     FDRE/C   n/a            1.000         10.000      9.000      SLICE_X46Y56   debounce_ofAll/debounce_cntr_reg[18]/C
Low Pulse Width   Slow    FDRE/C   n/a            0.500         5.000       4.500      SLICE_X40Y43   segment_ofAll/minicounter_reg[10]/C
Low Pulse Width   Slow    FDRE/C   n/a            0.500         5.000       4.500      SLICE_X40Y43   segment_ofAll/minicounter_reg[11]/C
Low Pulse Width   Slow    FDRE/C   n/a            0.500         5.000       4.500      SLICE_X40Y44   segment_ofAll/minicounter_reg[12]/C
Low Pulse Width   Slow    FDRE/C   n/a            0.500         5.000       4.500      SLICE_X40Y44   segment_ofAll/minicounter_reg[13]/C
Low Pulse Width   Slow    FDRE/C   n/a            0.500         5.000       4.500      SLICE_X40Y44   segment_ofAll/minicounter_reg[14]/C
Low Pulse Width   Slow    FDRE/C   n/a            0.500         5.000       4.500      SLICE_X40Y44   segment_ofAll/minicounter_reg[15]/C
Low Pulse Width   Slow    FDRE/C   n/a            0.500         5.000       4.500      SLICE_X40Y45   segment_ofAll/minicounter_reg[16]/C
Low Pulse Width   Slow    FDRE/C   n/a            0.500         5.000       4.500      SLICE_X40Y45   segment_ofAll/minicounter_reg[17]/C
Low Pulse Width   Slow    FDRE/C   n/a            0.500         5.000       4.500      SLICE_X40Y45   segment_ofAll/minicounter_reg[18]/C
Low Pulse Width   Slow    FDRE/C   n/a            0.500         5.000       4.500      SLICE_X40Y41   segment_ofAll/minicounter_reg[1]/C
High Pulse Width  Slow    FDRE/C   n/a            0.500         5.000       4.500      SLICE_X46Y54   debounce_ofAll/debounce_cntr_reg[10]/C
High Pulse Width  Slow    FDRE/C   n/a            0.500         5.000       4.500      SLICE_X46Y54   debounce_ofAll/debounce_cntr_reg[11]/C
High Pulse Width  Slow    FDRE/C   n/a            0.500         5.000       4.500      SLICE_X46Y55   debounce_ofAll/debounce_cntr_reg[12]/C
High Pulse Width  Slow    FDRE/C   n/a            0.500         5.000       4.500      SLICE_X46Y55   debounce_ofAll/debounce_cntr_reg[13]/C
High Pulse Width  Slow    FDRE/C   n/a            0.500         5.000       4.500      SLICE_X46Y55   debounce_ofAll/debounce_cntr_reg[14]/C
High Pulse Width  Slow    FDRE/C   n/a            0.500         5.000       4.500      SLICE_X46Y55   debounce_ofAll/debounce_cntr_reg[15]/C
High Pulse Width  Slow    FDRE/C   n/a            0.500         5.000       4.500      SLICE_X46Y56   debounce_ofAll/debounce_cntr_reg[16]/C
High Pulse Width  Slow    FDRE/C   n/a            0.500         5.000       4.500      SLICE_X46Y56   debounce_ofAll/debounce_cntr_reg[17]/C
High Pulse Width  Slow    FDRE/C   n/a            0.500         5.000       4.500      SLICE_X46Y56   debounce_ofAll/debounce_cntr_reg[18]/C
High Pulse Width  Slow    FDRE/C   n/a            0.500         5.000       4.500      SLICE_X46Y56   debounce_ofAll/debounce_cntr_reg[19]/C



